data;horario;n_da_ocorrencia;tipo_de_ocorrencia;km;trecho;sentido;tipo_de_acidente;automovel;bicicleta;caminhao;moto;onibus;outros;tracao_animal;transporte_de_cargas_especiais;trator_maquinas;utilitarios;ilesos;levemente_feridos;moderadamente_feridos;gravemente_feridos;mortos
"04/01/2024";"09:10:00";"1";"Sem vítima";"720,000";"BR-153/GO";"Crescente";"Saída de pista";0;0;0;0;0;0;0;0;0;0;2;0;0;0;0
"05/01/2024";"03:08:00";"35";"Com vítima";"376,000";"BR-153/GO";"Crescente";"Colisão traseira";0;0;0;0;0;0;0;0;0;0;2;2;1;0;0
"05/01/2024";"03:46:00";"43";"Sem vítima";"685,000";"BR-153/GO";"Crescente";"Saída de pista";0;0;0;0;0;0;0;0;0;0;1;0;0;0;0
"05/01/2024";"10:30:00";"102";"Com vítima";"418,800";"BR-153/GO";"Decrescente";"Capotamento";0;0;0;0;0;0;0;0;0;0;0;1;0;0;0
"05/01/2024";"03:11:00";"157";"Sem vítima";"1,000";"BR-153/GO";"Decrescente";"Colisão traseira";0;0;0;0;0;0;0;0;0;0;2;0;0;0;0
"05/01/2024";"06:31:00";"183";"Sem vítima";"786,000";"BR-153/GO";"Crescente";"Atropelamento de animal";0;0;0;0;0;0;0;0;0;0;2;0;0;0;0
"06/01/2024";"01:20:00";"18";"Sem vítima";"759,000";"BR-153/GO";"Decrescente";"Choque";0;0;0;0;0;0;0;0;0;0;1;0;0;0;0
"06/01/2024";"07:33:00";"84";"Com vítima";"439,000";"BR-414/GO";"Crescente";"Colisão transversal";0;0;0;0;0;0;0;0;0;0;1;1;0;0;0
"06/01/2024";"08:19:00";"97";"Sem vítima";"208,000";"BR-153/GO";"Crescente";"Colisão traseira";0;0;0;0;0;0;0;0;0;0;3;0;0;0;0
"06/01/2024";"05:33:00";"196";"Sem vítima";"226,000";"BR-153/GO";"Crescente";"Colisão traseira";0;0;0;0;0;0;0;0;0;0;12;0;0;0;0
"07/01/2024";"01:47:00";"24";"Com vítima";"380,000";"BR-414/GO";"Crescente";"Saída de pista";0;0;0;0;0;0;0;0;0;0;0;2;0;0;0
"07/01/2024";"02:35:00";"31";"Sem vítima";"717,000";"BR-153/GO";"Decrescente";"Colisão lateral em sentido contrário";0;0;0;0;0;0;0;0;0;0;6;0;0;0;0
"07/01/2024";"02:42:00";"33";"Sem vítima";"120,000";"BR-80/GO";"Crescente";"Saída de pista";0;0;0;0;0;0;0;0;0;0;1;0;0;0;0
"07/01/2024";"09:06:00";"116";"Com vítima";"295,000";"BR-153/GO";"Crescente";"Queda de moto";0;0;0;0;0;0;0;0;0;0;1;1;0;0;0
"07/01/2024";"11:49:00";"141";"Sem vítima";"281,000";"BR-153/GO";"Decrescente";"Saída de pista";0;0;0;0;0;0;0;0;0;0;1;0;0;0;0
"07/01/2024";"02:36:00";"180";"Sem vítima";"432,500";"BR-414/GO";"Decrescente";"Saída de pista";0;0;0;0;0;0;0;0;0;0;1;0;0;0;0
"07/01/2024";"08:26:00";"255";"Sem vítima";"424,000";"BR-414/GO";"Crescente";"Atropelamento de animal";0;0;0;0;0;0;0;0;0;0;1;0;0;0;0
"08/01/2024";"12:12:00";"16";"Sem vítima";"287,100";"BR-153/GO";"Crescente";"Saída de pista";0;0;0;0;0;0;0;0;0;0;3;0;0;0;0
"08/01/2024";"02:45:00";"37";"Sem vítima";"355,900";"BR-153/GO";"Crescente";"Colisão transversal";0;0;0;0;0;0;0;0;0;0;4;0;0;0;0
"08/01/2024";"07:32:00";"96";"Sem vítima";"363,000";"BR-153/GO";"Crescente";"Colisão traseira";0;0;0;0;0;0;0;0;0;0;2;0;0;0;0
"08/01/2024";"08:10:00";"105";"Sem vítima";"126,800";"BR-80/GO";"Crescente";"Saída de pista";0;0;0;0;0;0;0;0;0;0;1;0;0;0;0
"09/01/2024";"10:02:00";"100";"Com vítima";"386,000";"BR-414/GO";"Crescente";"Queda de moto";0;0;0;0;0;0;0;0;0;0;0;0;1;0;0
"09/01/2024";"12:47:00";"138";"Sem vítima";"175,000";"BR-80/GO";"Decrescente";"Saída de pista";0;0;0;0;0;0;0;0;0;0;2;0;0;0;0
"09/01/2024";"02:45:00";"159";"Sem vítima";"442,300";"BR-153/GO";"Decrescente";"Saída de pista";0;0;0;0;0;0;0;0;0;0;4;0;0;0;0
"09/01/2024";"06:00:00";"188";"Sem vítima";"199,500";"BR-153/GO";"Crescente";"Colisão transversal";0;0;0;0;0;0;0;0;0;0;2;0;0;0;0
"10/01/2024";"04:05:00";"36";"Sem vítima";"667,000";"BR-153/GO";"Crescente";"Colisão traseira";0;0;0;0;0;0;0;0;0;0;5;0;0;0;0
"10/01/2024";"05:07:00";"45";"Com vítima";"87,800";"BR-153/GO";"Crescente";"Capotamento";0;0;0;0;0;0;0;0;0;0;1;3;0;0;0
"10/01/2024";"07:57:00";"85";"Com vítima";"439,000";"BR-414/GO";"Crescente";"Colisão transversal";0;0;0;0;0;0;0;0;0;0;1;0;1;0;0
"10/01/2024";"02:49:00";"152";"Com vítima";"358,000";"BR-153/GO";"Decrescente";"Colisão lateral no mesmo sentido";0;0;0;0;0;0;0;0;0;0;2;0;0;1;0
"10/01/2024";"07:32:00";"183";"Com vítima";"304,000";"BR-414/GO";"Crescente";"Saída de pista";0;0;0;0;0;0;0;0;0;0;0;1;0;1;0
"10/01/2024";"08:02:00";"185";"Sem vítima";"102,000";"BR-153/GO";"Crescente";"Atropelamento de animal";0;0;0;0;0;0;0;0;0;0;1;0;0;0;0
"11/01/2024";"01:13:00";"16";"Com vítima";"416,900";"BR-153/GO";"Decrescente";"Atropelamento de animal";0;0;0;0;0;0;0;0;0;0;5;0;0;0;0
"11/01/2024";"02:36:00";"26";"Sem vítima";"279,000";"BR-153/GO";"Crescente";"Saída de pista";0;0;0;0;0;0;0;0;0;0;25;0;0;0;0
"11/01/2024";"04:22:00";"37";"Sem vítima";"126,000";"BR-80/GO";"Crescente";"Saída de pista";0;0;0;0;0;0;0;0;0;0;1;0;0;0;0
"11/01/2024";"06:35:00";"68";"Sem vítima";"130,900";"BR-153/GO";"Decrescente";"Engavetamento";0;0;0;0;0;0;0;0;0;0;5;0;0;0;0
"11/01/2024";"07:59:00";"85";"Com vítima";"28,000";"BR-153/GO";"Crescente";"Saída de pista";0;0;0;0;0;0;0;0;0;0;0;1;0;0;0
"11/01/2024";"06:13:00";"171";"Com vítima";"296,000";"BR-153/GO";"Decrescente";"Colisão traseira";0;0;0;0;0;0;0;0;0;0;5;1;0;0;0
"12/01/2024";"02:19:00";"29";"Sem vítima";"442,100";"BR-153/GO";"Decrescente";"Saída de pista";0;0;0;0;0;0;0;0;0;0;1;0;0;0;0
"12/01/2024";"02:38:00";"33";"Sem vítima";"300,000";"BR-414/GO";"Decrescente";"Saída de pista";0;0;0;0;0;0;0;0;0;0;1;0;0;0;0
"13/01/2024";"08:36:00";"101";"Sem vítima";"673,000";"BR-153/GO";"Decrescente";"Colisão traseira";0;0;0;0;0;0;0;0;0;0;4;0;0;0;0
"13/01/2024";"03:29:00";"161";"Com vítima";"388,000";"BR-414/GO";"Decrescente";"Acidentes de outra natureza";0;0;0;0;0;0;0;0;0;0;0;1;0;0;0
"13/01/2024";"06:21:00";"182";"Com vítima";"402,000";"BR-153/GO";"Decrescente";"Colisão transversal";0;0;0;0;0;0;0;0;0;0;7;2;0;0;0
"14/01/2024";"05:50:00";"60";"Sem vítima";"745,000";"BR-153/GO";"Crescente";"Colisão traseira";0;0;0;0;0;0;0;0;0;0;3;0;0;0;0
"14/01/2024";"11:42:00";"107";"Sem vítima";"126,000";"BR-153/GO";"Decrescente";"Colisão traseira";0;0;0;0;0;0;0;0;0;0;3;0;0;0;0
"14/01/2024";"12:55:00";"121";"Sem vítima";"306,000";"BR-414/GO";"Crescente";"Saída de pista";0;0;0;0;0;0;0;0;0;0;1;0;0;0;0
"14/01/2024";"01:55:00";"136";"Com vítima";"273,000";"BR-153/GO";"Decrescente";"Colisão frontal";0;0;0;0;0;0;0;0;0;0;1;0;6;0;0
"14/01/2024";"04:29:00";"155";"Sem vítima";"363,000";"BR-414/GO";"Decrescente";"Saída de pista";0;0;0;0;0;0;0;0;0;0;2;0;0;0;0
"14/01/2024";"05:50:00";"162";"Sem vítima";"170,165";"BR-80/GO";"Decrescente";"Saída de pista";0;0;0;0;0;0;0;0;0;0;3;0;0;0;0
"14/01/2024";"07:28:00";"175";"Com vítima";"415,600";"BR-414/GO";"Crescente";"Atropelamento de animal";0;0;0;0;0;0;0;0;0;0;1;0;0;0;0
"15/01/2024";"01:44:00";"163";"Sem vítima";"679,000";"BR-153/GO";"Crescente";"Saída de pista";0;0;0;0;0;0;0;0;0;0;2;0;0;0;0
"15/01/2024";"03:29:00";"181";"Sem vítima";"390,000";"BR-414/GO";"Crescente";"Saída de pista";0;0;0;0;0;0;0;0;0;0;1;0;0;0;0
"16/01/2024";"01:37:00";"17";"Sem vítima";"797,000";"BR-153/GO";"Decrescente";"Saída de pista";0;0;0;0;0;0;0;0;0;0;1;0;0;0;0
"16/01/2024";"02:29:00";"20";"Com vítima";"683,000";"BR-153/GO";"Decrescente";"Choque";0;0;0;0;0;0;0;0;0;0;0;1;0;0;0
"16/01/2024";"02:31:00";"150";"Sem vítima";"438,000";"BR-153/GO";"Crescente";"Queda de moto";0;0;0;0;0;0;0;0;0;0;1;0;0;0;0
"16/01/2024";"05:35:00";"186";"Sem vítima";"126,000";"BR-80/GO";"Decrescente";"Saída de pista";0;0;0;0;0;0;0;0;0;0;3;0;0;0;0
"17/01/2024";"01:05:00";"150";"Com vítima";"695,000";"BR-153/GO";"Decrescente";"Saída de pista";0;0;0;0;0;0;0;0;0;0;1;1;0;0;0
"17/01/2024";"01:24:00";"152";"Com vítima";"431,000";"BR-153/GO";"Decrescente";"Queda de moto";0;0;0;0;0;0;0;0;0;0;0;0;1;0;0
"18/01/2024";"02:17:00";"26";"Com vítima";"172,500";"BR-153/GO";"Decrescente";"Colisão transversal";0;0;0;0;0;0;0;0;0;0;2;0;1;0;0
"18/01/2024";"04:46:00";"46";"Sem vítima";"200,000";"BR-153/GO";"Decrescente";"Colisão transversal";0;0;0;0;0;0;0;0;0;0;3;0;0;0;0
"18/01/2024";"01:22:00";"144";"Sem vítima";"385,000";"BR-414/GO";"Crescente";"Saída de pista";0;0;0;0;0;0;0;0;0;0;1;0;0;0;0
"18/01/2024";"01:52:00";"152";"Com vítima";"116,000";"BR-153/GO";"Decrescente";"Colisão traseira";0;0;0;0;0;0;0;0;0;0;6;1;0;0;0
"18/01/2024";"02:58:00";"169";"Sem vítima";"385,805";"BR-153/GO";"Crescente";"Saída de pista";0;0;0;0;0;0;0;0;0;0;1;0;0;0;0
"19/01/2024";"04:17:00";"35";"Com vítima";"57,000";"BR-153/GO";"Crescente";"Atropelamento de pedestre";0;0;0;0;0;0;0;0;0;0;1;1;0;0;0
"19/01/2024";"07:08:00";"81";"Sem vítima";"674,000";"BR-153/GO";"Crescente";"Saída de pista";0;0;0;0;0;0;0;0;0;0;1;0;0;0;0
"19/01/2024";"03:04:00";"162";"Sem vítima";"394,000";"BR-414/GO";"Crescente";"Tombamento";0;0;0;0;0;0;0;0;0;0;1;0;0;0;0
"19/01/2024";"05:44:00";"187";"Com vítima";"723,000";"BR-153/GO";"Decrescente";"Colisão traseira";0;0;0;0;0;0;0;0;0;0;1;0;1;0;0
"20/01/2024";"05:29:00";"67";"Com vítima";"365,800";"BR-414/GO";"Crescente";"Carreta deu L";0;0;0;0;0;0;0;0;0;0;0;0;1;0;0
"20/01/2024";"09:42:00";"102";"Sem vítima";"426,000";"BR-153/GO";"Decrescente";"Saída de pista";0;0;0;0;0;0;0;0;0;0;1;0;0;0;0
"20/01/2024";"12:45:00";"129";"Sem vítima";"345,000";"BR-153/GO";"Crescente";"Saída de pista";0;0;0;0;0;0;0;0;0;0;2;0;0;0;0
"20/01/2024";"02:47:00";"152";"Com vítima";"218,000";"BR-153/GO";"Crescente";"Colisão traseira";0;0;0;0;0;0;0;0;0;0;0;6;0;0;0
"20/01/2024";"11:12:00";"11";"Com vítima";"356,000";"BR-153/GO";"Crescente";"Saída de pista";0;0;0;0;0;0;0;0;0;0;0;0;1;0;0
"21/01/2024";"01:21:00";"160";"Sem vítima";"10,000";"BR-153/GO";"Crescente";"Colisão lateral no mesmo sentido";0;0;0;0;0;0;0;0;0;0;6;0;0;0;0
"21/01/2024";"01:39:00";"164";"Com vítima";"689,000";"BR-153/GO";"Decrescente";"Saída de pista";0;0;0;0;0;0;0;0;0;0;0;1;0;0;0
"21/01/2024";"02:33:00";"173";"Sem vítima";"655,800";"BR-153/GO";"Crescente";"Colisão traseira";0;0;0;0;0;0;0;0;0;0;4;0;0;0;0
"22/01/2024";"02:26:00";"20";"Sem vítima";"250,000";"BR-153/GO";"Decrescente";"Colisão lateral no mesmo sentido";0;0;0;0;0;0;0;0;0;0;5;0;0;0;0
"22/01/2024";"04:02:00";"30";"Sem vítima";"135,000";"BR-153/GO";"Decrescente";"Saída de pista";0;0;0;0;0;0;0;0;0;0;1;0;0;0;0
"22/01/2024";"07:55:00";"90";"Com vítima";"175,000";"BR-153/GO";"Crescente";"Colisão transversal";0;0;0;0;0;0;0;0;0;0;3;0;0;1;0
"22/01/2024";"06:46:00";"185";"Com vítima";"96,000";"BR-80/GO";"Crescente";"Atropelamento de animal";0;0;0;0;0;0;0;0;0;0;3;0;0;0;0
"22/01/2024";"11:18:00";"9";"Com vítima";"755,000";"BR-153/GO";"Crescente";"Atropelamento de animal";0;0;0;0;0;0;0;0;0;0;2;0;0;0;0
"23/01/2024";"02:28:00";"29";"Com vítima";"304,000";"BR-153/GO";"Crescente";"Saída de pista";0;0;0;0;0;0;0;0;0;0;0;0;0;1;0
"23/01/2024";"09:46:00";"104";"Sem vítima";"440,000";"BR-414/GO";"Crescente";"Saída de pista";0;0;0;0;0;0;0;0;0;0;1;0;0;0;0
"24/01/2024";"05:18:00";"48";"Sem vítima";"318,000";"BR-153/GO";"Decrescente";"Colisão traseira";0;0;0;0;0;0;0;0;0;0;2;0;0;0;0
"24/01/2024";"02:22:00";"161";"Com vítima";"345,900";"BR-153/GO";"Decrescente";"Queda de carga";0;0;0;0;0;0;0;0;0;0;0;0;1;0;0
"25/01/2024";"02:35:00";"23";"Sem vítima";"149,000";"BR-153/GO";"Crescente";"Saída de pista";0;0;0;0;0;0;0;0;0;0;2;0;0;0;0
"26/01/2024";"11:17:00";"121";"Sem vítima";"332,700";"BR-414/GO";"Decrescente";"Saída de pista";0;0;0;0;0;0;0;0;0;0;1;0;0;0;0
"26/01/2024";"07:29:00";"193";"Sem vítima";"196,000";"BR-153/GO";"Decrescente";"Colisão traseira";0;0;0;0;0;0;0;0;0;0;2;0;0;0;0
"27/01/2024";"12:56:00";"22";"Sem vítima";"671,900";"BR-153/GO";"Crescente";"Saída de pista";0;0;0;0;0;0;0;0;0;0;1;0;0;0;0
"27/01/2024";"06:18:00";"72";"Sem vítima";"368,000";"BR-153/GO";"Crescente";"Colisão traseira";0;0;0;0;0;0;0;0;0;0;5;0;0;0;0
"27/01/2024";"08:19:00";"95";"Sem vítima";"222,000";"BR-153/GO";"Decrescente";"Colisão lateral no mesmo sentido";0;0;0;0;0;0;0;0;0;0;5;0;0;0;0
"27/01/2024";"02:17:00";"157";"Sem vítima";"794,000";"BR-153/GO";"Crescente";"Colisão traseira";0;0;0;0;0;0;0;0;0;0;2;0;0;0;0
"27/01/2024";"06:44:00";"202";"Sem vítima";"630,000";"BR-153/GO";"Crescente";"Carreta deu L";0;0;0;0;0;0;0;0;0;0;2;0;0;0;0
"27/01/2024";"08:15:00";"212";"Com vítima";"439,200";"BR-414/GO";"Crescente";"Colisão transversal";0;0;0;0;0;0;0;0;0;0;0;1;1;0;0
"28/01/2024";"01:29:00";"139";"Com vítima";"435,900";"BR-153/GO";"Crescente";"Colisão traseira";0;0;0;0;0;0;0;0;0;0;4;0;1;0;0
"28/01/2024";"01:46:00";"144";"Sem vítima";"728,000";"BR-153/GO";"Decrescente";"Colisão lateral em sentido contrário";0;0;0;0;0;0;0;0;0;0;2;0;0;0;0
"28/01/2024";"04:56:00";"181";"Sem vítima";"392,000";"BR-153/GO";"Decrescente";"Atropelamento de animal";0;0;0;0;0;0;0;0;0;0;2;0;0;0;0
"28/01/2024";"06:01:00";"193";"Sem vítima";"222,700";"BR-153/GO";"Crescente";"Saída de pista";0;0;0;0;0;0;0;0;0;0;1;0;0;0;0
"28/01/2024";"06:04:00";"194";"Sem vítima";"428,300";"BR-414/GO";"Crescente";"Capotamento";0;0;0;0;0;0;0;0;0;0;1;0;0;0;0
"29/01/2024";"07:46:00";"80";"Sem vítima";"426,000";"BR-153/GO";"Decrescente";"Saída de pista";0;0;0;0;0;0;0;0;0;0;2;0;0;0;0
"29/01/2024";"01:13:00";"132";"Com vítima";"400,000";"BR-414/GO";"Decrescente";"Colisão transversal";0;0;0;0;0;0;0;0;0;0;2;2;1;0;0
"29/01/2024";"09:43:00";"6";"Com vítima";"134,120";"BR-80/GO";"Crescente";"Colisão traseira";0;0;0;0;0;0;0;0;0;0;1;0;2;0;0
"30/01/2024";"07:56:00";"93";"Com vítima";"313,000";"BR-153/GO";"Crescente";"Saída de pista";0;0;0;0;0;0;0;0;0;0;1;1;0;0;0
"30/01/2024";"10:49:00";"117";"Sem vítima";"21,000";"BR-153/GO";"Crescente";"Colisão traseira";0;0;0;0;0;0;0;0;0;0;2;0;0;0;0
"30/01/2024";"05:13:00";"179";"Com vítima";"385,000";"BR-153/GO";"Crescente";"Saída de pista";0;0;0;0;0;0;0;0;0;0;0;1;0;0;0
"31/01/2024";"02:28:00";"32";"Sem vítima";"437,000";"BR-153/GO";"Crescente";"Saída de pista";0;0;0;0;0;0;0;0;0;0;1;0;0;0;0
"31/01/2024";"12:59:00";"164";"Sem vítima";"439,350";"BR-153/GO";"Crescente";"Colisão traseira";0;0;0;0;0;0;0;0;0;0;2;0;0;0;0
"31/01/2024";"02:41:00";"180";"Sem vítima";"385,000";"BR-153/GO";"Crescente";"Queda de moto";0;0;0;0;0;0;0;0;0;0;1;0;0;0;0
"01/02/2024";"04:47:00";"50";"Sem vítima";"162,000";"BR-153/GO";"Crescente";"Colisão lateral no mesmo sentido";0;0;0;0;0;0;0;0;0;0;2;0;0;0;0
"02/02/2024";"03:05:00";"22";"Sem vítima";"351,000";"BR-153/GO";"Crescente";"Saída de pista";0;0;0;0;0;0;0;0;0;0;1;0;0;0;0
"02/02/2024";"07:52:00";"88";"Sem vítima";"410,000";"BR-414/GO";"Crescente";"Saída de pista";0;0;0;0;0;0;0;0;0;0;1;0;0;0;0
"02/02/2024";"08:47:00";"100";"Sem vítima";"680,000";"BR-153/GO";"Decrescente";"Colisão traseira";0;0;0;0;0;0;0;0;0;0;2;0;0;0;0
"02/02/2024";"02:17:00";"155";"Sem vítima";"315,700";"BR-153/GO";"Decrescente";"Tombamento";0;0;0;0;0;0;0;0;0;0;1;0;0;0;0
"02/02/2024";"04:26:00";"170";"Sem vítima";"674,000";"BR-153/GO";"Crescente";"Saída de pista";0;0;0;0;0;0;0;0;0;0;2;0;0;0;0
"02/02/2024";"06:06:00";"187";"Com vítima";"173,000";"BR-153/GO";"Decrescente";"Colisão frontal";0;0;0;0;0;0;0;0;0;0;1;0;0;0;1
"03/02/2024";"07:41:00";"64";"Sem vítima";"86,800";"BR-153/GO";"Decrescente";"Carreta deu L";0;0;0;0;0;0;0;0;0;0;2;0;0;0;0
"03/02/2024";"09:31:00";"81";"Com vítima";"437,000";"BR-153/GO";"Decrescente";"Queda de moto";0;0;0;0;0;0;0;0;0;0;0;1;0;0;0
"03/02/2024";"11:06:00";"99";"Sem vítima";"686,000";"BR-153/GO";"Decrescente";"Saída de pista";0;0;0;0;0;0;0;0;0;0;1;0;0;0;0
"03/02/2024";"03:52:00";"143";"Sem vítima";"106,000";"BR-153/GO";"Decrescente";"Saída de pista";0;0;0;0;0;0;0;0;0;0;1;0;0;0;0
"03/02/2024";"04:35:00";"153";"Sem vítima";"674,000";"BR-153/GO";"Decrescente";"Colisão traseira";0;0;0;0;0;0;0;0;0;0;3;0;0;0;0
"03/02/2024";"08:16:00";"177";"Sem vítima";"154,000";"BR-80/GO";"Decrescente";"Saída de pista";0;0;0;0;0;0;0;0;0;0;1;0;0;0;0
"03/02/2024";"08:47:00";"179";"Sem vítima";"413,000";"BR-414/GO";"Decrescente";"Saída de pista";0;0;0;0;0;0;0;0;0;0;1;0;0;0;0
"03/02/2024";"10:44:00";"10";"Com vítima";"340,000";"BR-153/GO";"Crescente";"Saída de pista";0;0;0;0;0;0;0;0;0;0;1;1;2;0;0
"04/02/2024";"04:05:00";"174";"Com vítima";"351,600";"BR-414/GO";"Decrescente";"Colisão frontal";0;0;0;0;0;0;0;0;0;0;1;0;1;1;0
"05/02/2024";"12:39:00";"136";"Sem vítima";"438,000";"BR-153/GO";"Decrescente";"Colisão traseira";0;0;0;0;0;0;0;0;0;0;4;0;0;0;0
"05/02/2024";"01:47:00";"149";"Sem vítima";"362,000";"BR-414/GO";"Decrescente";"Saída de pista";0;0;0;0;0;0;0;0;0;0;2;0;0;0;0
"05/02/2024";"02:55:00";"161";"Com vítima";"373,000";"BR-153/GO";"Crescente";"Tombamento";0;0;0;0;0;0;0;0;0;0;0;1;0;0;0
"05/02/2024";"04:02:00";"172";"Sem vítima";"413,500";"BR-153/GO";"Decrescente";"Saída de pista";0;0;0;0;0;0;0;0;0;0;2;0;0;0;0
"05/02/2024";"04:45:00";"178";"Com vítima";"372,500";"BR-153/GO";"Crescente";"Colisão traseira";0;0;0;0;0;0;0;0;0;0;1;0;1;0;0
"06/02/2024";"03:58:00";"39";"Sem vítima";"789,000";"BR-153/GO";"Decrescente";"Carreta deu L";0;0;0;0;0;0;0;0;0;0;1;0;0;0;0
"06/02/2024";"09:37:00";"100";"Sem vítima";"442,000";"BR-153/GO";"Decrescente";"Saída de pista";0;0;0;0;0;0;0;0;0;0;2;0;0;0;0
"06/02/2024";"12:37:00";"129";"Sem vítima";"395,400";"BR-153/GO";"Decrescente";"Saída de pista";0;0;0;0;0;0;0;0;0;0;1;0;0;0;0
"06/02/2024";"04:41:00";"163";"Sem vítima";"285,000";"BR-153/GO";"Decrescente";"Saída de pista";0;0;0;0;0;0;0;0;0;0;2;0;0;0;0
"07/02/2024";"01:42:00";"32";"Com vítima";"421,745";"BR-153/GO";"Decrescente";"Atropelamento de animal";0;0;0;0;0;0;0;0;0;0;1;0;0;0;0
"07/02/2024";"03:36:00";"47";"Sem vítima";"735,800";"BR-153/GO";"Decrescente";"Colisão frontal";0;0;0;0;0;0;0;0;0;0;2;0;0;0;0
"07/02/2024";"11:14:00";"127";"Sem vítima";"369,000";"BR-414/GO";"Crescente";"Saída de pista";0;0;0;0;0;0;0;0;0;0;4;0;0;0;0
"07/02/2024";"08:27:00";"209";"Com vítima";"674,500";"BR-153/GO";"Crescente";"Atropelamento de animal";0;0;0;0;0;0;0;0;0;0;0;1;0;0;0
"08/02/2024";"12:37:00";"17";"Sem vítima";"433,000";"BR-153/GO";"Crescente";"Saída de pista";0;0;0;0;0;0;0;0;0;0;2;0;0;0;0
"08/02/2024";"04:40:00";"49";"Sem vítima";"87,000";"BR-153/GO";"Crescente";"Acidentes de outra natureza";0;0;0;0;0;0;0;0;0;0;1;0;0;0;0
"08/02/2024";"06:57:00";"79";"Com vítima";"682,000";"BR-153/GO";"Crescente";"Colisão lateral no mesmo sentido";0;0;0;0;0;0;0;0;0;0;1;0;4;0;1
"08/02/2024";"02:55:00";"157";"Sem vítima";"279,000";"BR-153/GO";"Crescente";"Colisão lateral em sentido contrário";0;0;0;0;0;0;0;0;0;0;4;0;0;0;0
"09/02/2024";"03:02:00";"48";"Com vítima";"438,000";"BR-414/GO";"Crescente";"Colisão traseira";0;0;0;0;0;0;0;0;0;0;6;3;0;0;0
"09/02/2024";"06:26:00";"109";"Sem vítima";"184,000";"BR-153/GO";"Decrescente";"Colisão traseira";0;0;0;0;0;0;0;0;0;0;2;0;0;0;0
"09/02/2024";"02:30:00";"217";"Sem vítima";"403,000";"BR-414/GO";"Decrescente";"Saída de pista";0;0;0;0;0;0;0;0;0;0;1;0;0;0;0
"09/02/2024";"02:47:00";"220";"Sem vítima";"404,000";"BR-414/GO";"Crescente";"Saída de pista";0;0;0;0;0;0;0;0;0;0;1;0;0;0;0
"09/02/2024";"06:29:00";"255";"Com vítima";"352,500";"BR-414/GO";"Decrescente";"Colisão lateral no mesmo sentido";0;0;0;0;0;0;0;0;0;0;3;1;0;0;0
"09/02/2024";"06:34:00";"256";"Com vítima";"278,050";"BR-153/GO";"Crescente";"Tombamento";0;0;0;0;0;0;0;0;0;0;1;1;0;0;0
"09/02/2024";"08:51:00";"276";"Com vítima";"413,000";"BR-153/GO";"Crescente";"Saída de pista";0;0;0;0;0;0;0;0;0;0;1;1;1;0;0
"10/02/2024";"05:13:00";"60";"Sem vítima";"436,000";"BR-153/GO";"Crescente";"Saída de pista";0;0;0;0;0;0;0;0;0;0;1;0;0;0;0
"10/02/2024";"05:16:00";"61";"Com vítima";"643,000";"BR-153/GO";"Decrescente";"Queda de bicicleta";0;0;0;0;0;0;0;0;0;0;0;0;0;0;0
"10/02/2024";"06:01:00";"71";"Sem vítima";"288,000";"BR-153/GO";"Decrescente";"Saída de pista";0;0;0;0;0;0;0;0;0;0;8;0;0;0;0
"10/02/2024";"07:27:00";"85";"Sem vítima";"225,500";"BR-153/GO";"Decrescente";"Saída de pista";0;0;0;0;0;0;0;0;0;0;1;0;0;0;0