data;horario;n_da_ocorrencia;tipo_de_ocorrencia;km;trecho;sentido;tipo_de_acidente;automovel;bicicleta;caminhao;moto;onibus;outros;tracao_animal;transporte_de_cargas_especiais;trator_maquinas;utilitarios;ilesos;levemente_feridos;moderadamente_feridos;gravemente_feridos;mortos
"10/02/2024";"09:48:00";"106";"Sem vítima";"438,000";"BR-153/GO";"Decrescente";"Saída de pista";0;0;0;0;0;0;0;0;0;0;3;0;0;0;0
"10/02/2024";"10:09:00";"112";"Com vítima";"90,000";"BR-153/GO";"Crescente";"Saída de pista";0;0;0;0;0;0;0;0;0;0;2;1;0;0;0
"10/02/2024";"11:56:00";"136";"Sem vítima";"403,000";"BR-414/GO";"Crescente";"Saída de pista";0;0;0;0;0;0;0;0;0;0;1;0;0;0;0
"10/02/2024";"12:37:00";"146";"Com vítima";"123,500";"BR-80/GO";"Crescente";"Saída de pista";0;0;0;0;0;0;0;0;0;0;1;1;0;0;0
"10/02/2024";"01:52:00";"159";"Com vítima";"308,000";"BR-153/GO";"Decrescente";"Saída de pista";0;0;0;0;0;0;0;0;0;0;0;0;1;0;0
"10/02/2024";"07:28:00";"201";"Com vítima";"253,000";"BR-153/GO";"Decrescente";"Saída de pista";0;0;0;0;0;0;0;0;0;0;1;0;1;0;0
"10/02/2024";"09:22:00";"1";"Sem vítima";"126,000";"BR-80/GO";"Crescente";"Saída de pista";0;0;0;0;0;0;0;0;0;0;2;0;0;0;0
"10/02/2024";"11:41:00";"15";"Sem vítima";"134,200";"BR-80/GO";"Decrescente";"Saída de pista";0;0;0;0;0;0;0;0;0;0;1;0;0;0;0
"11/02/2024";"04:24:00";"41";"Sem vítima";"123,000";"BR-80/GO";"Decrescente";"Saída de pista";0;0;0;0;0;0;0;0;0;0;2;0;0;0;0
"11/02/2024";"06:57:00";"65";"Sem vítima";"356,000";"BR-153/GO";"Decrescente";"Colisão transversal";0;0;0;0;0;0;0;0;0;0;2;0;0;0;0
"11/02/2024";"10:47:00";"102";"Sem vítima";"157,000";"BR-153/GO";"Crescente";"Colisão traseira";0;0;0;0;0;0;0;0;0;0;13;0;0;0;0
"11/02/2024";"12:59:00";"120";"Com vítima";"104,000";"BR-153/GO";"Decrescente";"Queda de moto";0;0;0;0;0;0;0;0;0;0;1;1;0;0;0
"11/02/2024";"04:07:00";"150";"Com vítima";"706,000";"BR-153/GO";"Decrescente";"Saída de pista";0;0;0;0;0;0;0;0;0;0;0;0;1;0;0
"12/02/2024";"01:34:00";"11";"Sem vítima";"225,000";"BR-153/GO";"Decrescente";"Queda de moto";0;0;0;0;0;0;0;0;0;0;1;0;0;0;0
"12/02/2024";"09:26:00";"1";"Sem vítima";"126,000";"BR-80/GO";"Decrescente";"Saída de pista";0;0;0;0;0;0;0;0;0;0;3;0;0;0;0
"12/02/2024";"11:35:00";"6";"Com vítima";"722,800";"BR-153/GO";"Crescente";"Atropelamento de pedestre";0;0;0;0;0;0;0;0;0;0;2;0;0;0;0
"13/02/2024";"03:54:00";"30";"Com vítima";"58,000";"BR-153/GO";"Decrescente";"Queda de moto";0;0;0;0;0;0;0;0;0;0;0;0;0;1;0
"13/02/2024";"07:11:00";"77";"Com vítima";"201,000";"BR-153/GO";"Crescente";"Colisão transversal";0;0;0;0;0;0;0;0;0;0;4;2;0;0;0
"13/02/2024";"07:13:00";"78";"Sem vítima";"67,000";"BR-153/GO";"Decrescente";"Colisão traseira";0;0;0;0;0;0;0;0;0;0;6;0;0;0;0
"13/02/2024";"11:18:00";"116";"Com vítima";"96,000";"BR-153/GO";"Crescente";"Saída de pista";0;0;0;0;0;0;0;0;0;0;1;3;0;0;0
"13/02/2024";"04:33:00";"195";"Sem vítima";"399,500";"BR-414/GO";"Crescente";"Queda de moto";0;0;0;0;0;0;0;0;0;0;1;0;0;0;0
"13/02/2024";"08:31:00";"228";"Com vítima";"310,000";"BR-153/GO";"Crescente";"Colisão lateral em sentido contrário";0;0;0;0;0;0;0;0;0;0;2;1;0;0;0
"14/02/2024";"02:36:00";"27";"Sem vítima";"142,000";"BR-80/GO";"Decrescente";"Saída de pista";0;0;0;0;0;0;0;0;0;0;1;0;0;0;0
"14/02/2024";"08:20:00";"100";"Sem vítima";"106,000";"BR-153/GO";"Crescente";"Colisão transversal";0;0;0;0;0;0;0;0;0;0;2;0;0;0;0
"14/02/2024";"08:50:00";"106";"Sem vítima";"332,000";"BR-414/GO";"Crescente";"Saída de pista";0;0;0;0;0;0;0;0;0;0;2;0;0;0;0
"14/02/2024";"01:26:00";"145";"Sem vítima";"624,000";"BR-153/GO";"Crescente";"Colisão traseira";0;0;0;0;0;0;0;0;0;0;7;0;0;0;0
"15/02/2024";"04:57:00";"47";"Sem vítima";"321,500";"BR-153/GO";"Decrescente";"Saída de pista";0;0;0;0;0;0;0;0;0;0;1;0;0;0;0
"15/02/2024";"11:10:00";"119";"Sem vítima";"424,000";"BR-153/GO";"Decrescente";"Saída de pista";0;0;0;0;0;0;0;0;0;0;1;0;0;0;0
"15/02/2024";"11:57:00";"130";"Sem vítima";"373,000";"BR-153/GO";"Crescente";"Colisão traseira";0;0;0;0;0;0;0;0;0;0;2;0;0;0;0
"16/02/2024";"11:04:00";"115";"Sem vítima";"422,000";"BR-153/GO";"Crescente";"Choque";0;0;0;0;0;0;0;0;0;0;1;0;0;0;0
"16/02/2024";"03:48:00";"175";"Com vítima";"400,000";"BR-153/GO";"Crescente";"Colisão lateral no mesmo sentido";0;0;0;0;0;0;0;0;0;0;1;1;0;0;0
"16/02/2024";"05:31:00";"183";"Sem vítima";"167,000";"BR-80/GO";"Decrescente";"Saída de pista";0;0;0;0;0;0;0;0;0;0;2;0;0;0;0
"17/02/2024";"02:52:00";"25";"Com vítima";"127,000";"BR-153/GO";"Crescente";"Colisão transversal";0;0;0;0;0;0;0;0;0;0;3;2;0;1;0
"17/02/2024";"11:43:00";"111";"Sem vítima";"99,500";"BR-153/GO";"Crescente";"Saída de pista";0;0;0;0;0;0;0;0;0;0;2;0;0;0;0
"17/02/2024";"12:26:00";"122";"Com vítima";"123,000";"BR-80/GO";"Decrescente";"Saída de pista";0;0;0;0;0;0;0;0;0;0;0;1;0;0;0
"17/02/2024";"12:56:00";"129";"Com vítima";"434,000";"BR-414/GO";"Decrescente";"Queda de moto";0;0;0;0;0;0;0;0;0;0;0;0;1;0;0
"17/02/2024";"04:22:00";"154";"Sem vítima";"208,000";"BR-153/GO";"Decrescente";"Saída de pista";0;0;0;0;0;0;0;0;0;0;1;0;0;0;0
"18/02/2024";"09:48:00";"109";"Com vítima";"100,000";"BR-80/GO";"Crescente";"Colisão transversal";0;0;0;0;0;0;0;0;0;0;2;2;0;0;0
"18/02/2024";"01:40:00";"152";"Com vítima";"787,000";"BR-153/GO";"Crescente";"Saída de pista";0;0;0;0;0;0;0;0;0;0;0;0;1;0;0
"19/02/2024";"12:33:00";"16";"Com vítima";"281,000";"BR-153/GO";"Decrescente";"Atropelamento de animal";0;0;0;0;0;0;0;0;0;0;2;0;0;0;0
"19/02/2024";"05:11:00";"53";"Sem vítima";"436,000";"BR-153/GO";"Crescente";"Colisão traseira";0;0;0;0;0;0;0;0;0;0;2;0;0;0;0
"19/02/2024";"05:14:00";"55";"Com vítima";"672,500";"BR-153/GO";"Crescente";"Queda de moto";0;0;0;0;0;0;0;0;0;0;0;1;0;0;0
"19/02/2024";"10:19:00";"117";"Sem vítima";"746,000";"BR-153/GO";"Decrescente";"Saída de pista";0;0;0;0;0;0;0;0;0;0;1;0;0;0;0
"19/02/2024";"04:49:00";"176";"Sem vítima";"785,500";"BR-153/GO";"Crescente";"Saída de pista";0;0;0;0;0;0;0;0;0;0;2;0;0;0;0
"20/02/2024";"02:37:00";"28";"Com vítima";"86,300";"BR-153/GO";"Decrescente";"Saída de pista";0;0;0;0;0;0;0;0;0;0;1;1;0;0;0
"20/02/2024";"11:14:00";"127";"Sem vítima";"200,000";"BR-153/GO";"Crescente";"Colisão traseira";0;0;0;0;0;0;0;0;0;0;3;0;0;0;0
"20/02/2024";"12:33:00";"146";"Sem vítima";"375,000";"BR-153/GO";"Crescente";"Engavetamento";0;0;0;0;0;0;0;0;0;0;7;0;0;0;0
"20/02/2024";"07:37:00";"202";"Sem vítima";"422,900";"BR-414/GO";"Decrescente";"Saída de pista";0;0;0;0;0;0;0;0;0;0;1;0;0;0;0
"21/02/2024";"02:43:00";"32";"Sem vítima";"300,000";"BR-153/GO";"Crescente";"Colisão frontal";0;0;0;0;0;0;0;0;0;0;2;0;0;0;0
"21/02/2024";"03:41:00";"39";"Com vítima";"772,600";"BR-153/GO";"Crescente";"Saída de pista";0;0;0;0;0;0;0;0;0;0;3;1;1;0;0
"21/02/2024";"04:38:00";"52";"Com vítima";"440,000";"BR-414/GO";"Decrescente";"Colisão traseira";0;0;0;0;0;0;0;0;0;0;2;0;1;0;0
"21/02/2024";"04:46:00";"56";"Sem vítima";"442,000";"BR-153/GO";"Decrescente";"Saída de pista";0;0;0;0;0;0;0;0;0;0;1;0;0;0;0
"21/02/2024";"05:11:00";"57";"Sem vítima";"751,000";"BR-153/GO";"Crescente";"Tombamento";0;0;0;0;0;0;0;0;0;0;2;0;0;0;0
"21/02/2024";"06:40:00";"84";"Com vítima";"200,000";"BR-153/GO";"Crescente";"Colisão transversal";0;0;0;0;0;0;0;0;0;0;4;1;0;0;0
"21/02/2024";"02:03:00";"159";"Sem vítima";"407,200";"BR-414/GO";"Crescente";"Saída de pista";0;0;0;0;0;0;0;0;0;0;1;0;0;0;0
"22/02/2024";"06:23:00";"90";"Sem vítima";"76,000";"BR-153/GO";"Decrescente";"Colisão traseira";0;0;0;0;0;0;0;0;0;0;4;0;0;0;0
"22/02/2024";"09:53:00";"132";"Sem vítima";"325,000";"BR-153/GO";"Decrescente";"Tombamento";0;0;0;0;0;0;0;0;0;0;2;0;0;0;0
"22/02/2024";"11:15:00";"142";"Sem vítima";"671,800";"BR-153/GO";"Decrescente";"Saída de pista";0;0;0;0;0;0;0;0;0;0;1;0;0;0;0
"22/02/2024";"12:00:00";"150";"Sem vítima";"436,000";"BR-153/GO";"Decrescente";"Colisão traseira";0;0;0;0;0;0;0;0;0;0;2;0;0;0;0
"22/02/2024";"12:00:00";"151";"Sem vítima";"671,000";"BR-153/GO";"Crescente";"Colisão traseira";0;0;0;0;0;0;0;0;0;0;2;0;0;0;0
"22/02/2024";"03:29:00";"182";"Com vítima";"427,800";"BR-153/GO";"Crescente";"Colisão transversal";0;0;0;0;0;0;0;0;0;0;1;0;0;0;1
"23/02/2024";"10:33:00";"135";"Sem vítima";"86,000";"BR-153/GO";"Decrescente";"Colisão traseira";0;0;0;0;0;0;0;0;0;0;3;0;0;0;0
"23/02/2024";"10:34:00";"136";"Com vítima";"623,500";"BR-153/GO";"Crescente";"Colisão transversal";0;0;0;0;0;0;0;0;0;0;3;1;0;0;0
"23/02/2024";"04:30:00";"203";"Com vítima";"411,000";"BR-414/GO";"Decrescente";"Atropelamento de pedestre";0;0;0;0;0;0;0;0;0;0;1;0;0;0;0
"23/02/2024";"05:12:00";"213";"Sem vítima";"438,800";"BR-153/GO";"Decrescente";"Saída de pista";0;0;0;0;0;0;0;0;0;0;1;0;0;0;0
"23/02/2024";"08:18:00";"239";"Sem vítima";"160,000";"BR-153/GO";"Decrescente";"Saída de pista";0;0;0;0;0;0;0;0;0;0;1;0;0;0;0
"23/02/2024";"10:58:00";"13";"Com vítima";"224,000";"BR-153/GO";"Decrescente";"Colisão lateral em sentido contrário";0;0;0;0;0;0;0;0;0;0;0;3;0;1;0
"24/02/2024";"11:38:00";"132";"Com vítima";"339,500";"BR-414/GO";"Decrescente";"Saída de pista";0;0;0;0;0;0;0;0;0;0;0;0;1;0;0
"24/02/2024";"06:13:00";"201";"Sem vítima";"427,000";"BR-153/GO";"Crescente";"Saída de pista";0;0;0;0;0;0;0;0;0;0;1;0;0;0;0
"25/02/2024";"09:30:00";"78";"Sem vítima";"306,200";"BR-414/GO";"Decrescente";"Saída de pista";0;0;0;0;0;0;0;0;0;0;2;0;0;0;0
"25/02/2024";"04:45:00";"167";"Com vítima";"424,300";"BR-153/GO";"Crescente";"Colisão lateral no mesmo sentido";0;0;0;0;0;0;0;0;0;0;0;1;1;0;0
"25/02/2024";"08:17:00";"209";"Com vítima";"201,500";"BR-153/GO";"Crescente";"Atropelamento de pedestre";0;0;0;0;0;0;0;0;0;0;3;0;0;0;0
"26/02/2024";"07:25:00";"196";"Com vítima";"189,800";"BR-153/GO";"Decrescente";"Atropelamento de animal";0;0;0;0;0;0;0;0;0;0;2;0;0;0;0
"26/02/2024";"09:40:00";"3";"Sem vítima";"434,950";"BR-414/GO";"Decrescente";"Saída de pista";0;0;0;0;0;0;0;0;0;0;1;0;0;0;0
"28/02/2024";"12:34:00";"118";"Sem vítima";"356,000";"BR-153/GO";"Crescente";"Colisão transversal";0;0;0;0;0;0;0;0;0;0;5;0;0;0;0
"28/02/2024";"07:32:00";"176";"Com vítima";"345,500";"BR-153/GO";"Crescente";"Tombamento";0;0;0;0;0;0;0;0;0;0;0;4;0;0;0
"28/02/2024";"11:24:00";"15";"Com vítima";"6,500";"BR-153/GO";"Decrescente";"Colisão traseira";0;0;0;0;0;0;0;0;0;0;0;1;1;0;0
"29/02/2024";"04:10:00";"39";"Sem vítima";"367,700";"BR-153/GO";"Decrescente";"Colisão traseira";0;0;0;0;0;0;0;0;0;0;2;0;0;0;0
"29/02/2024";"06:00:00";"69";"Sem vítima";"260,000";"BR-153/GO";"Decrescente";"Colisão traseira";0;0;0;0;0;0;0;0;0;0;2;0;0;0;0
"29/02/2024";"02:46:00";"145";"Sem vítima";"357,000";"BR-153/GO";"Decrescente";"Colisão traseira";0;0;0;0;0;0;0;0;0;0;1;0;0;0;0
"29/02/2024";"03:35:00";"152";"Sem vítima";"419,000";"BR-414/GO";"Crescente";"Colisão traseira";0;0;0;0;0;0;0;0;0;0;2;0;0;0;0
"29/02/2024";"04:29:00";"163";"Com vítima";"3,000";"BR-153/GO";"Crescente";"Queda de moto";0;0;0;0;0;0;0;0;0;0;0;1;0;0;0
"29/02/2024";"04:48:00";"167";"Com vítima";"385,100";"BR-414/GO";"Crescente";"Queda de moto";0;0;0;0;0;0;0;0;0;0;0;1;0;0;0
"29/02/2024";"05:21:00";"173";"Com vítima";"439,000";"BR-414/GO";"Decrescente";"Atropelamento de ciclista";0;0;0;0;0;0;0;0;0;0;0;0;1;0;0
"01/03/2024";"04:16:00";"38";"Sem vítima";"725,000";"BR-153/GO";"Crescente";"Atropelamento de animal";0;0;0;0;0;0;0;0;0;0;1;0;0;0;0
"01/03/2024";"04:26:00";"41";"Sem vítima";"410,900";"BR-153/GO";"Crescente";"Colisão traseira";0;0;0;0;0;0;0;0;0;0;3;0;0;0;0
"01/03/2024";"04:58:00";"51";"Com vítima";"795,000";"BR-153/GO";"Decrescente";"Queda de moto";0;0;0;0;0;0;0;0;0;0;0;0;1;0;0
"01/03/2024";"07:41:00";"79";"Sem vítima";"354,900";"BR-153/GO";"Decrescente";"Colisão transversal";0;0;0;0;0;0;0;0;0;0;2;0;0;0;0
"01/03/2024";"02:03:00";"146";"Com vítima";"351,700";"BR-153/GO";"Crescente";"Saída de pista";0;0;0;0;0;0;0;0;0;0;0;0;1;0;0
"01/03/2024";"02:23:00";"151";"Sem vítima";"395,700";"BR-153/GO";"Decrescente";"Colisão traseira";0;0;0;0;0;0;0;0;0;0;2;0;0;0;0
"01/03/2024";"03:07:00";"157";"Com vítima";"318,010";"BR-414/GO";"Crescente";"Colisão traseira";0;0;0;0;0;0;0;0;0;0;1;0;0;1;0
"02/03/2024";"03:15:00";"37";"Sem vítima";"309,000";"BR-414/GO";"Decrescente";"Atropelamento de animal";0;0;0;0;0;0;0;0;0;0;1;0;0;0;0
"02/03/2024";"08:44:00";"101";"Com vítima";"442,000";"BR-153/GO";"Crescente";"Colisão traseira";0;0;0;0;0;0;0;0;0;0;1;1;0;0;0
"02/03/2024";"11:03:00";"122";"Com vítima";"677,800";"BR-153/GO";"Crescente";"Queda de moto";0;0;0;0;0;0;0;0;0;0;0;2;0;0;0
"02/03/2024";"02:56:00";"158";"Sem vítima";"96,000";"BR-153/GO";"Crescente";"Colisão traseira";0;0;0;0;0;0;0;0;0;0;3;0;0;0;0
"03/03/2024";"02:47:00";"30";"Com vítima";"436,000";"BR-153/GO";"Decrescente";"Queda de moto";0;0;0;0;0;0;0;0;0;0;0;0;2;0;0
"03/03/2024";"04:16:00";"45";"Com vítima";"332,000";"BR-153/GO";"Decrescente";"Capotamento";0;0;0;0;0;0;0;0;0;0;0;1;0;0;0
"03/03/2024";"08:30:00";"93";"Sem vítima";"423,000";"BR-414/GO";"Crescente";"Colisão traseira";0;0;0;0;0;0;0;0;0;0;2;0;0;0;0
"03/03/2024";"09:32:00";"99";"Com vítima";"130,000";"BR-80/GO";"Decrescente";"Colisão lateral em sentido contrário";0;0;0;0;0;0;0;0;0;0;3;0;1;0;0
"03/03/2024";"10:54:00";"113";"Sem vítima";"773,000";"BR-153/GO";"Crescente";"Saída de pista";0;0;0;0;0;0;0;0;0;0;2;0;0;0;0
"03/03/2024";"11:31:00";"119";"Sem vítima";"402,000";"BR-414/GO";"Crescente";"Colisão lateral em sentido contrário";0;0;0;0;0;0;0;0;0;0;4;0;0;0;0
"03/03/2024";"12:28:00";"135";"Sem vítima";"378,000";"BR-414/GO";"Decrescente";"Saída de pista";0;0;0;0;0;0;0;0;0;0;2;0;0;0;0
"03/03/2024";"01:50:00";"150";"Sem vítima";"421,000";"BR-153/GO";"Crescente";"Saída de pista";0;0;0;0;0;0;0;0;0;0;2;0;0;0;0
"03/03/2024";"03:51:00";"169";"Sem vítima";"207,000";"BR-153/GO";"Crescente";"Colisão lateral em sentido contrário";0;0;0;0;0;0;0;0;0;0;2;0;0;0;0
"03/03/2024";"04:59:00";"178";"Sem vítima";"135,000";"BR-153/GO";"Decrescente";"Atropelamento de animal";0;0;0;0;0;0;0;0;0;0;2;0;0;0;0
"03/03/2024";"10:16:00";"3";"Sem vítima";"319,000";"BR-153/GO";"Decrescente";"Saída de pista";0;0;0;0;0;0;0;0;0;0;1;0;0;0;0
"04/03/2024";"11:37:00";"121";"Sem vítima";"288,500";"BR-153/GO";"Crescente";"Saída de pista";0;0;0;0;0;0;0;0;0;0;2;0;0;0;0
"05/03/2024";"02:18:00";"22";"Sem vítima";"126,190";"BR-80/GO";"Crescente";"Saída de pista";0;0;0;0;0;0;0;0;0;0;1;0;0;0;0
"05/03/2024";"07:22:00";"73";"Com vítima";"440,000";"BR-414/GO";"Crescente";"Queda de moto";0;0;0;0;0;0;0;0;0;0;1;1;0;0;0
"06/03/2024";"01:39:00";"133";"Sem vítima";"440,000";"BR-153/GO";"Decrescente";"Colisão traseira";0;0;0;0;0;0;0;0;0;0;2;0;0;0;0
"06/03/2024";"02:35:00";"147";"Sem vítima";"301,050";"BR-414/GO";"Crescente";"Colisão lateral no mesmo sentido";0;0;0;0;0;0;0;0;0;0;3;0;0;0;0
"06/03/2024";"07:44:00";"201";"Sem vítima";"785,000";"BR-153/GO";"Crescente";"Atropelamento de animal";0;0;0;0;0;0;0;0;0;0;1;0;0;0;0
"07/03/2024";"12:24:00";"11";"Sem vítima";"210,575";"BR-153/GO";"Crescente";"Saída de pista";0;0;0;0;0;0;0;0;0;0;1;0;0;0;0
"07/03/2024";"04:00:00";"27";"Com vítima";"145,000";"BR-153/GO";"Decrescente";"Colisão frontal";0;0;0;0;0;0;0;0;0;0;1;1;0;0;1
"07/03/2024";"07:33:00";"69";"Sem vítima";"28,000";"BR-153/GO";"Crescente";"Colisão traseira";0;0;0;0;0;0;0;0;0;0;2;0;0;0;0
"07/03/2024";"11:54:00";"111";"Sem vítima";"426,000";"BR-153/GO";"Crescente";"Capotamento";0;0;0;0;0;0;0;0;0;0;1;0;0;0;0
"08/03/2024";"01:06:00";"15";"Sem vítima";"174,000";"BR-153/GO";"Decrescente";"Saída de pista";0;0;0;0;0;0;0;0;0;0;1;0;0;0;0
"08/03/2024";"06:17:00";"60";"Com vítima";"75,000";"BR-153/GO";"Decrescente";"Saída de pista";0;0;0;0;0;0;0;0;0;0;1;3;0;0;0
"08/03/2024";"12:34:00";"127";"Com vítima";"404,000";"BR-153/GO";"Crescente";"Saída de pista";0;0;0;0;0;0;0;0;0;0;0;0;1;0;0
"08/03/2024";"12:48:00";"133";"Com vítima";"687,000";"BR-153/GO";"Decrescente";"Queda de moto";0;0;0;0;0;0;0;0;0;0;1;1;0;0;0
"08/03/2024";"05:19:00";"178";"Sem vítima";"369,300";"BR-414/GO";"Decrescente";"Atropelamento de animal";0;0;0;0;0;0;0;0;0;0;1;0;0;0;0
"08/03/2024";"07:54:00";"193";"Com vítima";"673,900";"BR-153/GO";"Crescente";"Queda de moto";0;0;0;0;0;0;0;0;0;0;0;1;0;0;0
"09/03/2024";"02:43:00";"31";"Sem vítima";"721,100";"BR-153/GO";"Crescente";"Colisão traseira";0;0;0;0;0;0;0;0;0;0;3;0;0;0;0
"09/03/2024";"03:59:00";"41";"Sem vítima";"314,500";"BR-153/GO";"Decrescente";"Colisão traseira";0;0;0;0;0;0;0;0;0;0;4;0;0;0;0
"09/03/2024";"01:00:00";"146";"Sem vítima";"310,000";"BR-153/GO";"Decrescente";"Capotamento";0;0;0;0;0;0;0;0;0;0;2;0;0;0;0
"09/03/2024";"07:56:00";"207";"Com vítima";"693,000";"BR-153/GO";"Crescente";"Saída de pista";0;0;0;0;0;0;0;0;0;0;0;0;1;0;0
"09/03/2024";"08:39:00";"212";"Sem vítima";"763,800";"BR-153/GO";"Decrescente";"Saída de pista";0;0;0;0;0;0;0;0;0;0;2;0;0;0;0
"09/03/2024";"09:28:00";"7";"Sem vítima";"400,250";"BR-414/GO";"Crescente";"Saída de pista";0;0;0;0;0;0;0;0;0;0;1;0;0;0;0
"10/03/2024";"03:28:00";"33";"Sem vítima";"433,000";"BR-153/GO";"Crescente";"Saída de pista";0;0;0;0;0;0;0;0;0;0;1;0;0;0;0
"10/03/2024";"06:24:00";"62";"Com vítima";"434,000";"BR-414/GO";"Decrescente";"Queda de moto";0;0;0;0;0;0;0;0;0;0;0;1;0;0;0
"10/03/2024";"03:40:00";"157";"Sem vítima";"158,700";"BR-153/GO";"Decrescente";"Colisão traseira";0;0;0;0;0;0;0;0;0;0;3;0;0;0;0
"10/03/2024";"11:58:00";"17";"Sem vítima";"778,600";"BR-153/GO";"Decrescente";"Saída de pista";0;0;0;0;0;0;0;0;0;0;2;0;0;0;0
"11/03/2024";"06:03:00";"62";"Com vítima";"415,000";"BR-414/GO";"Crescente";"Queda de moto";0;0;0;0;0;0;0;0;0;0;1;1;0;0;0
"11/03/2024";"11:34:00";"106";"Sem vítima";"660,000";"BR-153/GO";"Crescente";"Colisão traseira";0;0;0;0;0;0;0;0;0;0;3;0;0;0;0
"11/03/2024";"12:15:00";"117";"Sem vítima";"697,000";"BR-153/GO";"Decrescente";"Colisão lateral em sentido contrário";0;0;0;0;0;0;0;0;0;0;5;0;0;0;0
"11/03/2024";"03:38:00";"148";"Com vítima";"442,850";"BR-153/GO";"Crescente";"Atropelamento de pedestre";0;0;0;0;0;0;0;0;0;0;1;0;0;0;0
"11/03/2024";"03:58:00";"154";"Com vítima";"362,000";"BR-414/GO";"Crescente";"Saída de pista";0;0;0;0;0;0;0;0;0;0;3;1;0;0;0
"12/03/2024";"12:49:00";"24";"Sem vítima";"223,000";"BR-153/GO";"Crescente";"Saída de pista";0;0;0;0;0;0;0;0;0;0;1;0;0;0;0
"12/03/2024";"05:54:00";"190";"Sem vítima";"377,000";"BR-153/GO";"Crescente";"Atropelamento de animal";0;0;0;0;0;0;0;0;0;0;1;0;0;0;0
"13/03/2024";"12:16:00";"11";"Com vítima";"427,000";"BR-153/GO";"Decrescente";"Atropelamento de pedestre";0;0;0;0;0;0;0;0;0;0;0;0;0;0;0
"13/03/2024";"11:11:00";"113";"Com vítima";"137,000";"BR-153/GO";"Crescente";"Colisão lateral em sentido contrário";0;0;0;0;0;0;0;0;0;0;3;2;0;0;0
"13/03/2024";"12:44:00";"122";"Com vítima";"438,000";"BR-153/GO";"Crescente";"Saída de pista";0;0;0;0;0;0;0;0;0;0;0;0;1;0;0
"13/03/2024";"06:48:00";"185";"Sem vítima";"218,000";"BR-153/GO";"Decrescente";"Atropelamento de animal";0;0;0;0;0;0;0;0;0;0;4;0;0;0;0
"14/03/2024";"04:19:00";"36";"Com vítima";"434,000";"BR-153/GO";"Crescente";"Colisão lateral no mesmo sentido";0;0;0;0;0;0;0;0;0;0;1;0;2;0;0
"14/03/2024";"11:20:00";"109";"Com vítima";"296,000";"BR-153/GO";"Crescente";"Colisão transversal";0;0;0;0;0;0;0;0;0;0;3;1;0;0;0
"14/03/2024";"01:26:00";"136";"Com vítima";"678,400";"BR-153/GO";"Crescente";"Colisão lateral em sentido contrário";0;0;0;0;0;0;0;0;0;0;3;0;1;0;0
"14/03/2024";"04:50:00";"165";"Com vítima";"437,000";"BR-153/GO";"Decrescente";"Choque";0;0;0;0;0;0;0;0;0;0;0;0;1;0;0
"14/03/2024";"08:23:00";"193";"Sem vítima";"151,000";"BR-153/GO";"Crescente";"Atropelamento de animal";0;0;0;0;0;0;0;0;0;0;1;0;0;0;0
"15/03/2024";"07:48:00";"229";"Com vítima";"436,000";"BR-153/GO";"Crescente";"Queda de moto";0;0;0;0;0;0;0;0;0;0;0;1;0;0;0
"16/03/2024";"02:26:00";"38";"Com vítima";"624,000";"BR-153/GO";"Decrescente";"Saída de pista";0;0;0;0;0;0;0;0;0;0;1;1;0;0;0