data;horario;n_da_ocorrencia;tipo_de_ocorrencia;km;trecho;sentido;tipo_de_acidente;automovel;bicicleta;caminhao;moto;onibus;outros;tracao_animal;transporte_de_cargas_especiais;trator_maquinas;utilitarios;ilesos;levemente_feridos;moderadamente_feridos;gravemente_feridos;mortos
"16/03/2024";"02:34:00";"40";"Sem vítima";"234,000";"BR-153/GO";"Crescente";"Colisão traseira";0;0;0;0;0;0;0;0;0;0;2;0;0;0;0
"16/03/2024";"04:15:00";"53";"Sem vítima";"695,000";"BR-153/GO";"Crescente";"Colisão lateral no mesmo sentido";0;0;0;0;0;0;0;0;0;0;3;0;0;0;0
"16/03/2024";"01:07:00";"160";"Sem vítima";"328,000";"BR-153/GO";"Decrescente";"Saída de pista";0;0;0;0;0;0;0;0;0;0;1;0;0;0;0
"16/03/2024";"01:57:00";"169";"Sem vítima";"421,000";"BR-153/GO";"Crescente";"Saída de pista";0;0;0;0;0;0;0;0;0;0;2;0;0;0;0
"17/03/2024";"03:33:00";"34";"Sem vítima";"376,500";"BR-153/GO";"Decrescente";"Colisão traseira";0;0;0;0;0;0;0;0;0;0;1;0;0;0;0
"17/03/2024";"03:38:00";"36";"Sem vítima";"405,000";"BR-153/GO";"Decrescente";"Saída de pista";0;0;0;0;0;0;0;0;0;0;1;0;0;0;0
"17/03/2024";"10:09:00";"114";"Sem vítima";"139,000";"BR-80/GO";"Decrescente";"Saída de pista";0;0;0;0;0;0;0;0;0;0;1;0;0;0;0
"17/03/2024";"05:12:00";"186";"Com vítima";"761,000";"BR-153/GO";"Decrescente";"Colisão transversal";0;0;0;0;0;0;0;0;0;0;3;0;1;0;0
"18/03/2024";"02:22:00";"25";"Sem vítima";"310,000";"BR-414/GO";"Crescente";"Atropelamento de animal";0;0;0;0;0;0;0;0;0;0;3;0;0;0;0
"18/03/2024";"03:05:00";"33";"Sem vítima";"126,000";"BR-80/GO";"Decrescente";"Saída de pista";0;0;0;0;0;0;0;0;0;0;4;0;0;0;0
"18/03/2024";"03:51:00";"41";"Com vítima";"68,000";"BR-153/GO";"Decrescente";"Queda de moto";0;0;0;0;0;0;0;0;0;0;0;0;1;0;0
"18/03/2024";"03:52:00";"42";"Com vítima";"437,000";"BR-153/GO";"Decrescente";"Saída de pista";0;0;0;0;0;0;0;0;0;0;0;0;0;1;0
"18/03/2024";"12:33:00";"137";"Com vítima";"402,800";"BR-414/GO";"Crescente";"Saída de pista";0;0;0;0;0;0;0;0;0;0;0;1;2;0;0
"19/03/2024";"01:40:00";"17";"Com vítima";"147,000";"BR-153/GO";"Crescente";"Atropelamento de animal";0;0;0;0;0;0;0;0;0;0;4;0;0;0;0
"20/03/2024";"02:22:00";"29";"Com vítima";"388,200";"BR-414/GO";"Decrescente";"Tombamento";0;0;0;0;0;0;0;0;0;0;2;0;0;1;0
"20/03/2024";"10:01:00";"117";"Sem vítima";"434,000";"BR-153/GO";"Crescente";"Colisão traseira";0;0;0;0;0;0;0;0;0;0;2;0;0;0;0
"20/03/2024";"01:40:00";"157";"Sem vítima";"178,000";"BR-153/GO";"Decrescente";"Colisão transversal";0;0;0;0;0;0;0;0;0;0;3;0;0;0;0
"20/03/2024";"05:06:00";"194";"Com vítima";"677,200";"BR-153/GO";"Decrescente";"Atropelamento de animal";0;0;0;0;0;0;0;0;0;0;2;0;0;0;0
"21/03/2024";"03:56:00";"38";"Sem vítima";"346,000";"BR-414/GO";"Crescente";"Capotamento";0;0;0;0;0;0;0;0;0;0;1;0;0;0;0
"21/03/2024";"04:43:00";"50";"Sem vítima";"367,000";"BR-153/GO";"Crescente";"Engavetamento";0;0;0;0;0;0;0;0;0;0;7;0;0;0;0
"21/03/2024";"05:03:00";"57";"Sem vítima";"373,000";"BR-153/GO";"Decrescente";"Tombamento";0;0;0;0;0;0;0;0;0;0;1;0;0;0;0
"21/03/2024";"06:28:00";"79";"Com vítima";"372,000";"BR-414/GO";"Decrescente";"Saída de pista";0;0;0;0;0;0;0;0;0;0;0;1;0;0;0
"21/03/2024";"09:31:00";"111";"Com vítima";"284,600";"BR-153/GO";"Decrescente";"Colisão lateral em sentido contrário";0;0;0;0;0;0;0;0;0;0;1;0;1;0;0
"21/03/2024";"10:31:00";"118";"Com vítima";"163,000";"BR-153/GO";"Crescente";"Atropelamento de animal";0;0;0;0;0;0;0;0;0;0;1;0;0;0;0
"21/03/2024";"07:30:00";"191";"Com vítima";"681,200";"BR-153/GO";"Crescente";"Colisão frontal";0;0;0;0;0;0;0;0;0;0;2;0;0;0;1
"22/03/2024";"05:49:00";"69";"Sem vítima";"434,000";"BR-153/GO";"Decrescente";"Colisão lateral no mesmo sentido";0;0;0;0;0;0;0;0;0;0;2;0;0;0;0
"22/03/2024";"06:07:00";"72";"Sem vítima";"307,800";"BR-414/GO";"Decrescente";"Queda de moto";0;0;0;0;0;0;0;0;0;0;2;0;0;0;0
"22/03/2024";"09:02:00";"108";"Sem vítima";"439,000";"BR-153/GO";"Crescente";"Colisão traseira";0;0;0;0;0;0;0;0;0;0;2;0;0;0;0
"22/03/2024";"09:49:00";"6";"Sem vítima";"674,000";"BR-153/GO";"Decrescente";"Saída de pista";0;0;0;0;0;0;0;0;0;0;1;0;0;0;0
"23/03/2024";"07:34:00";"79";"Sem vítima";"175,000";"BR-80/GO";"Decrescente";"Saída de pista";0;0;0;0;0;0;0;0;0;0;1;0;0;0;0
"23/03/2024";"08:08:00";"85";"Com vítima";"414,000";"BR-414/GO";"Crescente";"Saída de pista";0;0;0;0;0;0;0;0;0;0;3;1;0;0;0
"24/03/2024";"01:36:00";"141";"Sem vítima";"436,000";"BR-153/GO";"Crescente";"Colisão traseira";0;0;0;0;0;0;0;0;0;0;2;0;0;0;0
"24/03/2024";"04:03:00";"178";"Sem vítima";"205,000";"BR-153/GO";"Crescente";"Saída de pista";0;0;0;0;0;0;0;0;0;0;1;0;0;0;0
"24/03/2024";"05:41:00";"190";"Com vítima";"248,000";"BR-153/GO";"Decrescente";"Atropelamento de animal";0;0;0;0;0;0;0;0;0;0;1;0;0;0;0
"24/03/2024";"07:56:00";"210";"Com vítima";"431,000";"BR-153/GO";"Decrescente";"Colisão lateral no mesmo sentido";0;0;0;0;0;0;0;0;0;0;1;2;0;0;0
"24/03/2024";"10:11:00";"8";"Sem vítima";"23,900";"BR-153/GO";"Crescente";"Saída de pista";0;0;0;0;0;0;0;0;0;0;1;0;0;0;0
"25/03/2024";"03:21:00";"35";"Sem vítima";"384,200";"BR-153/GO";"Decrescente";"Colisão traseira";0;0;0;0;0;0;0;0;0;0;4;0;0;0;0
"25/03/2024";"08:40:00";"107";"Sem vítima";"383,800";"BR-153/GO";"Crescente";"Saída de pista";0;0;0;0;0;0;0;0;0;0;3;0;0;0;0
"25/03/2024";"06:34:00";"196";"Com vítima";"20,000";"BR-153/GO";"Crescente";"Atropelamento de animal";0;0;0;0;0;0;0;0;0;0;2;0;0;0;0
"26/03/2024";"11:43:00";"114";"Sem vítima";"205,000";"BR-153/GO";"Decrescente";"Colisão traseira";0;0;0;0;0;0;0;0;0;0;2;0;0;0;0
"26/03/2024";"02:03:00";"145";"Sem vítima";"181,000";"BR-153/GO";"Crescente";"Choque";0;0;0;0;0;0;0;0;0;0;5;0;0;0;0
"26/03/2024";"03:38:00";"156";"Sem vítima";"674,000";"BR-153/GO";"Decrescente";"Saída de pista";0;0;0;0;0;0;0;0;0;0;1;0;0;0;0
"27/03/2024";"08:54:00";"89";"Sem vítima";"126,000";"BR-80/GO";"Decrescente";"Saída de pista";0;0;0;0;0;0;0;0;0;0;2;0;0;0;0
"27/03/2024";"09:42:00";"99";"Sem vítima";"316,600";"BR-153/GO";"Crescente";"Choque";0;0;0;0;0;0;0;0;0;0;5;0;0;0;0
"27/03/2024";"09:49:00";"100";"Com vítima";"356,300";"BR-153/GO";"Crescente";"Colisão transversal";0;0;0;0;0;0;0;0;0;0;1;0;1;0;0
"27/03/2024";"12:29:00";"119";"Com vítima";"325,000";"BR-153/GO";"Decrescente";"Saída de pista";0;0;0;0;0;0;0;0;0;0;1;1;0;0;0
"27/03/2024";"02:24:00";"144";"Sem vítima";"286,000";"BR-153/GO";"Crescente";"Colisão traseira";0;0;0;0;0;0;0;0;0;0;2;0;0;0;0
"27/03/2024";"06:53:00";"189";"Com vítima";"211,000";"BR-153/GO";"Decrescente";"Tombamento";0;0;0;0;0;0;0;0;0;0;0;0;1;0;0
"27/03/2024";"08:53:00";"200";"Sem vítima";"692,000";"BR-153/GO";"Decrescente";"Saída de pista";0;0;0;0;0;0;0;0;0;0;1;0;0;0;0
"27/03/2024";"11:18:00";"16";"Com vítima";"180,000";"BR-153/GO";"Crescente";"Atropelamento de animal";0;0;0;0;0;0;0;0;0;0;2;0;0;0;0
"28/03/2024";"05:19:00";"61";"Sem vítima";"207,500";"BR-153/GO";"Crescente";"Colisão traseira";0;0;0;0;0;0;0;0;0;0;6;0;0;0;0
"28/03/2024";"08:20:00";"100";"Com vítima";"306,000";"BR-153/GO";"Decrescente";"Colisão transversal";0;0;0;0;0;0;0;0;0;0;1;0;0;1;1
"28/03/2024";"10:59:00";"117";"Sem vítima";"393,000";"BR-414/GO";"Decrescente";"Colisão transversal";0;0;0;0;0;0;0;0;0;0;5;0;0;0;0
"28/03/2024";"09:05:00";"2";"Sem vítima";"408,000";"BR-153/GO";"Decrescente";"Atropelamento de animal";0;0;0;0;0;0;0;0;0;0;4;0;0;0;0
"29/03/2024";"01:03:00";"29";"Com vítima";"327,000";"BR-153/GO";"Decrescente";"Saída de pista";0;0;0;0;0;0;0;0;0;0;1;0;1;0;0
"29/03/2024";"08:53:00";"107";"Com vítima";"358,500";"BR-153/GO";"Decrescente";"Colisão transversal";0;0;0;0;0;0;0;0;0;0;2;1;0;1;0
"29/03/2024";"11:08:00";"126";"Sem vítima";"135,000";"BR-153/GO";"Decrescente";"Colisão lateral no mesmo sentido";0;0;0;0;0;0;0;0;0;0;3;0;0;0;0
"29/03/2024";"02:12:00";"169";"Com vítima";"371,000";"BR-414/GO";"Crescente";"Queda de moto";0;0;0;0;0;0;0;0;0;0;0;1;0;0;0
"30/03/2024";"06:36:00";"77";"Sem vítima";"64,800";"BR-153/GO";"Crescente";"Tombamento";0;0;0;0;0;0;0;0;0;0;2;0;0;0;0
"30/03/2024";"09:34:00";"5";"Sem vítima";"192,500";"BR-153/GO";"Decrescente";"Saída de pista";0;0;0;0;0;0;0;0;0;0;1;0;0;0;0
"30/03/2024";"11:41:00";"11";"Sem vítima";"410,000";"BR-414/GO";"Crescente";"Capotamento";0;0;0;0;0;0;0;0;0;0;2;0;0;0;0
"31/03/2024";"03:52:00";"45";"Sem vítima";"339,000";"BR-414/GO";"Decrescente";"Saída de pista";0;0;0;0;0;0;0;0;0;0;1;0;0;0;0
"31/03/2024";"01:23:00";"157";"Sem vítima";"202,000";"BR-153/GO";"Crescente";"Colisão traseira";0;0;0;0;0;0;0;0;0;0;6;0;0;0;0
"31/03/2024";"02:14:00";"169";"Sem vítima";"429,000";"BR-414/GO";"Crescente";"Colisão traseira";0;0;0;0;0;0;0;0;0;0;8;0;0;0;0
"31/03/2024";"02:22:00";"176";"Sem vítima";"412,000";"BR-153/GO";"Decrescente";"Colisão traseira";0;0;0;0;0;0;0;0;0;0;2;0;0;0;0
"31/03/2024";"02:33:00";"181";"Sem vítima";"416,000";"BR-153/GO";"Crescente";"Colisão traseira";0;0;0;0;0;0;0;0;0;0;2;0;0;0;0
"31/03/2024";"04:31:00";"208";"Com vítima";"328,000";"BR-153/GO";"Crescente";"Colisão transversal";0;0;0;0;0;0;0;0;0;0;1;0;0;1;0
"01/04/2024";"02:43:00";"32";"Sem vítima";"198,000";"BR-153/GO";"Decrescente";"Choque";0;0;1;0;1;0;0;0;0;0;2;0;0;0;0
"01/04/2024";"09:00:00";"98";"Com vítima";"208,000";"BR-153/GO";"Crescente";"Colisão traseira";1;0;1;0;0;1;0;0;0;0;2;1;0;0;0
"01/04/2024";"11:16:00";"115";"Com vítima";"29,800";"BR-153/GO";"Decrescente";"Tombamento";0;0;0;0;0;1;0;0;0;0;0;2;0;0;0
"01/04/2024";"04:45:00";"175";"Sem vítima";"296,000";"BR-153/GO";"Decrescente";"Colisão transversal";1;0;0;1;0;0;0;0;0;0;2;0;0;0;0
"01/04/2024";"07:39:00";"194";"Sem vítima";"211,000";"BR-153/GO";"Decrescente";"Saída de pista";1;0;0;0;0;0;0;0;0;0;1;0;0;0;0
"02/04/2024";"02:07:00";"15";"Com vítima";"301,500";"BR-153/GO";"Crescente";"Atropelamento de animal";0;0;0;0;0;1;0;0;0;0;1;0;0;0;0
"02/04/2024";"03:43:00";"22";"Sem vítima";"404,400";"BR-414/GO";"Decrescente";"Colisão lateral em sentido contrário";0;0;0;0;0;2;0;0;0;0;2;0;0;0;0
"02/04/2024";"04:24:00";"169";"Sem vítima";"436,800";"BR-153/GO";"Decrescente";"Engavetamento";2;0;0;0;0;0;0;0;0;1;3;0;0;0;0
"03/04/2024";"05:00:00";"50";"Com vítima";"433,800";"BR-153/GO";"Crescente";"Queda de moto";0;0;0;1;0;0;0;0;0;0;1;1;0;0;0
"03/04/2024";"10:19:00";"123";"Sem vítima";"436,800";"BR-153/GO";"Crescente";"Engavetamento";2;0;0;1;0;0;0;0;0;0;3;0;0;0;0
"03/04/2024";"12:04:00";"147";"Com vítima";"701,500";"BR-153/GO";"Crescente";"Colisão transversal";1;0;0;0;0;1;0;0;0;0;0;0;1;0;1
"03/04/2024";"03:14:00";"175";"Sem vítima";"386,300";"BR-153/GO";"Decrescente";"Saída de pista";0;0;0;0;0;0;0;0;0;1;2;0;0;0;0
"03/04/2024";"04:15:00";"188";"Com vítima";"126,000";"BR-80/GO";"Decrescente";"Saída de pista";1;0;0;0;0;0;0;0;0;0;0;3;0;0;0
"03/04/2024";"05:20:00";"199";"Sem vítima";"400,000";"BR-414/GO";"Crescente";"Carreta deu L";0;0;1;0;0;1;0;0;0;0;2;0;0;0;0
"04/04/2024";"12:35:00";"143";"Sem vítima";"671,000";"BR-153/GO";"Decrescente";"Colisão frontal";1;0;1;0;0;0;0;0;0;0;2;0;0;0;0
"04/04/2024";"02:34:00";"168";"Sem vítima";"267,700";"BR-153/GO";"Decrescente";"Saída de pista";1;0;0;0;0;0;0;0;0;0;1;0;0;0;0
"05/04/2024";"08:38:00";"98";"Sem vítima";"126,000";"BR-80/GO";"Decrescente";"Saída de pista";1;0;0;0;0;0;0;0;0;0;4;0;0;0;0
"05/04/2024";"09:15:00";"105";"Com vítima";"340,000";"BR-153/GO";"Crescente";"Colisão frontal";2;0;0;0;0;0;0;0;0;0;3;1;2;0;0
"05/04/2024";"11:27:00";"125";"Sem vítima";"356,000";"BR-153/GO";"Decrescente";"Colisão transversal";1;0;1;0;0;0;0;0;0;0;3;0;0;0;0
"05/04/2024";"12:35:00";"140";"Sem vítima";"236,000";"BR-153/GO";"Crescente";"Saída de pista";1;0;0;0;0;0;0;0;0;0;1;0;0;0;0
"05/04/2024";"12:59:00";"143";"Sem vítima";"440,000";"BR-153/GO";"Crescente";"Choque";0;0;1;0;0;0;0;0;0;0;1;0;0;0;0
"05/04/2024";"04:37:00";"179";"Sem vítima";"126,000";"BR-80/GO";"Crescente";"Saída de pista";1;0;0;0;0;0;0;0;0;0;1;0;0;0;0
"05/04/2024";"09:46:00";"3";"Com vítima";"42,000";"BR-153/GO";"Crescente";"Saída de pista";1;0;0;0;0;0;0;0;0;0;0;1;0;0;0
"06/04/2024";"05:34:00";"52";"Sem vítima";"118,000";"BR-153/GO";"Crescente";"Colisão traseira";0;0;0;0;1;1;0;0;0;0;20;0;0;0;0
"06/04/2024";"01:13:00";"143";"Sem vítima";"366,000";"BR-414/GO";"Decrescente";"Saída de pista";1;0;0;0;0;0;0;0;0;0;3;0;0;0;0
"06/04/2024";"03:35:00";"166";"Com vítima";"123,000";"BR-153/GO";"Decrescente";"Colisão lateral no mesmo sentido";1;0;0;0;0;1;0;0;0;0;3;1;1;0;0
"06/04/2024";"04:18:00";"176";"Com vítima";"440,000";"BR-153/GO";"Decrescente";"Choque";1;0;0;0;0;0;0;0;0;0;0;0;1;0;0
"06/04/2024";"08:37:00";"207";"Com vítima";"785,000";"BR-153/GO";"Crescente";"Atropelamento de pedestre";1;0;0;0;0;0;0;0;0;0;3;0;0;0;0
"06/04/2024";"11:41:00";"8";"Sem vítima";"371,300";"BR-414/GO";"Crescente";"Atropelamento de animal";1;0;0;0;0;0;0;0;0;0;4;0;0;0;0
"07/04/2024";"12:11:00";"15";"Com vítima";"638,000";"BR-153/GO";"Decrescente";"Atropelamento de animal";1;0;0;0;0;0;0;0;0;0;2;0;0;0;0
"07/04/2024";"03:45:00";"30";"Sem vítima";"195,000";"BR-153/GO";"Crescente";"Capotamento";1;0;0;0;0;0;0;0;0;0;1;0;0;0;0
"07/04/2024";"01:32:00";"152";"Com vítima";"194,000";"BR-153/GO";"Crescente";"Colisão lateral no mesmo sentido";1;0;1;0;0;0;0;0;0;1;6;3;1;0;0
"07/04/2024";"03:12:00";"166";"Com vítima";"437,000";"BR-414/GO";"Decrescente";"Colisão traseira";1;0;0;0;0;0;0;0;0;1;4;0;1;0;0
"07/04/2024";"03:54:00";"173";"Sem vítima";"275,100";"BR-153/GO";"Crescente";"Tombamento";1;0;0;0;0;1;0;0;0;0;5;0;0;0;0
"07/04/2024";"05:33:00";"186";"Sem vítima";"132,000";"BR-80/GO";"Decrescente";"Saída de pista";1;0;0;0;0;0;0;0;0;0;3;0;0;0;0
"07/04/2024";"09:05:00";"2";"Sem vítima";"357,650";"BR-414/GO";"Decrescente";"Saída de pista";1;0;0;0;0;0;0;0;0;0;1;0;0;0;0
"08/04/2024";"02:28:00";"20";"Sem vítima";"413,000";"BR-153/GO";"Crescente";"Atropelamento de animal";1;0;0;0;0;0;0;0;0;0;1;0;0;0;0
"08/04/2024";"04:29:00";"40";"Sem vítima";"182,000";"BR-153/GO";"Decrescente";"Colisão traseira";1;0;0;0;0;0;0;0;0;0;0;0;0;0;0
"08/04/2024";"05:45:00";"64";"Sem vítima";"207,000";"BR-153/GO";"Decrescente";"Colisão traseira";2;0;0;0;0;0;0;0;0;0;3;0;0;0;0
"08/04/2024";"03:05:00";"160";"Com vítima";"393,000";"BR-414/GO";"Decrescente";"Colisão lateral no mesmo sentido";1;0;0;1;0;0;0;0;0;0;1;0;1;0;0
"09/04/2024";"05:52:00";"58";"Com vítima";"211,000";"BR-153/GO";"Decrescente";"Colisão frontal";1;0;0;0;0;2;0;0;0;0;2;1;0;0;0
"09/04/2024";"07:20:00";"73";"Com vítima";"220,000";"BR-153/GO";"Crescente";"Saída de pista";1;0;0;0;0;0;0;0;0;0;0;1;1;0;0
"09/04/2024";"08:05:00";"80";"Com vítima";"374,000";"BR-414/GO";"Decrescente";"Colisão lateral no mesmo sentido";1;0;1;0;0;0;0;0;0;0;3;1;0;0;0
"09/04/2024";"10:49:00";"95";"Com vítima";"18,500";"BR-153/GO";"Decrescente";"Saída de pista";0;0;1;0;0;0;0;0;0;0;0;1;0;0;0
"09/04/2024";"04:14:00";"158";"Com vítima";"100,800";"BR-80/GO";"Decrescente";"Colisão traseira";1;0;0;0;0;1;0;0;0;0;1;0;0;0;2
"10/04/2024";"04:03:00";"43";"Sem vítima";"219,000";"BR-153/GO";"Decrescente";"Saída de pista";1;0;0;0;0;0;0;0;0;0;2;0;0;0;0
"10/04/2024";"02:22:00";"190";"Com vítima";"122,000";"BR-80/GO";"Crescente";"Queda de moto";0;0;0;1;0;0;0;0;0;0;0;1;0;0;0
"10/04/2024";"03:50:00";"206";"Com vítima";"752,000";"BR-153/GO";"Decrescente";"Colisão traseira";2;0;0;0;0;0;0;0;0;0;1;1;0;0;0
"10/04/2024";"03:58:00";"209";"Com vítima";"102,500";"BR-80/GO";"Crescente";"Saída de pista";0;0;0;0;0;1;0;0;0;0;0;1;0;0;0
"10/04/2024";"03:59:00";"210";"Com vítima";"319,500";"BR-153/GO";"Decrescente";"Colisão lateral em sentido contrário";0;0;0;1;0;2;0;0;0;0;5;1;0;0;0
"11/04/2024";"02:28:00";"21";"Com vítima";"436,000";"BR-153/GO";"Crescente";"Queda de carga";0;0;0;1;0;0;0;0;0;0;0;0;1;1;0
"11/04/2024";"05:41:00";"56";"Sem vítima";"326,250";"BR-153/GO";"Decrescente";"Colisão traseira";0;0;1;0;0;1;0;0;0;0;2;0;0;0;0
"11/04/2024";"08:29:00";"85";"Sem vítima";"203,700";"BR-153/GO";"Decrescente";"Colisão lateral no mesmo sentido";2;0;0;0;0;0;0;0;0;0;3;0;0;0;0
"11/04/2024";"10:37:00";"114";"Sem vítima";"386,000";"BR-414/GO";"Decrescente";"Saída de pista";1;0;0;0;0;0;0;0;0;0;1;0;0;0;0
"11/04/2024";"11:54:00";"133";"Sem vítima";"630,850";"BR-153/GO";"Decrescente";"Colisão traseira";0;0;0;0;0;2;0;0;0;0;2;0;0;0;0
"11/04/2024";"03:43:00";"175";"Com vítima";"316,000";"BR-153/GO";"Decrescente";"Colisão traseira";0;0;0;1;0;1;0;0;0;1;3;1;0;0;0
"11/04/2024";"06:53:00";"200";"Sem vítima";"719,200";"BR-153/GO";"Crescente";"Capotamento";1;0;0;0;0;0;0;0;0;0;1;0;0;0;0
"12/04/2024";"11:16:00";"138";"Sem vítima";"377,000";"BR-153/GO";"Decrescente";"Saída de pista";0;0;1;0;0;0;0;0;0;0;1;0;0;0;0
"12/04/2024";"02:19:00";"177";"Com vítima";"305,000";"BR-414/GO";"Decrescente";"Queda de moto";0;0;0;1;0;0;0;0;0;0;0;0;1;0;0
"12/04/2024";"05:17:00";"203";"Com vítima";"363,500";"BR-414/GO";"Decrescente";"Atropelamento de animal";1;0;0;0;0;0;0;0;0;0;3;0;0;0;0
"13/04/2024";"09:33:00";"109";"Com vítima";"687,000";"BR-153/GO";"Crescente";"Tombamento";1;0;0;0;0;0;0;0;0;0;0;1;0;0;0
"13/04/2024";"01:12:00";"152";"Sem vítima";"313,000";"BR-153/GO";"Crescente";"Colisão transversal";1;0;1;0;0;0;0;0;0;0;6;0;0;0;0
"13/04/2024";"07:15:00";"200";"Sem vítima";"105,000";"BR-153/GO";"Crescente";"Tombamento";0;0;1;0;0;0;0;0;0;0;2;0;0;0;0
"13/04/2024";"08:44:00";"212";"Sem vítima";"414,500";"BR-153/GO";"Crescente";"Colisão lateral no mesmo sentido";2;0;0;0;0;0;0;0;0;0;2;0;0;0;0
"14/04/2024";"03:32:00";"22";"Sem vítima";"719,000";"BR-153/GO";"Decrescente";"Saída de pista";1;0;0;0;0;0;0;0;0;0;1;0;0;0;0
"14/04/2024";"05:39:00";"46";"Com vítima";"284,000";"BR-153/GO";"Crescente";"Colisão lateral no mesmo sentido";2;0;0;1;0;0;0;0;0;0;8;0;2;0;0
"14/04/2024";"04:47:00";"167";"Sem vítima";"410,520";"BR-414/GO";"Decrescente";"Colisão traseira";1;0;0;0;0;0;0;0;0;1;4;0;0;0;0
"15/04/2024";"02:04:00";"18";"Com vítima";"389,000";"BR-414/GO";"Crescente";"Atropelamento de animal";1;0;0;0;0;0;0;0;0;0;1;2;1;0;0
"15/04/2024";"04:20:00";"39";"Sem vítima";"357,000";"BR-153/GO";"Decrescente";"Colisão traseira";1;0;0;0;0;0;0;0;0;1;2;0;0;0;0
"15/04/2024";"08:43:00";"104";"Com vítima";"722,800";"BR-153/GO";"Decrescente";"Colisão traseira";1;0;0;0;0;0;0;0;0;1;1;1;0;0;0
"15/04/2024";"10:07:00";"108";"Sem vítima";"396,000";"BR-153/GO";"Decrescente";"Desatrelamento";0;0;0;0;0;1;0;0;0;0;1;0;0;0;0
"15/04/2024";"03:50:00";"158";"Sem vítima";"656,000";"BR-153/GO";"Crescente";"Atropelamento de animal";1;0;0;0;0;0;0;0;0;0;2;0;0;0;0
"15/04/2024";"03:58:00";"159";"Sem vítima";"32,170";"BR-153/GO";"Crescente";"Colisão frontal";0;1;0;0;0;0;0;0;0;0;0;0;0;0;0
"16/04/2024";"02:44:00";"31";"Sem vítima";"196,200";"BR-153/GO";"Decrescente";"Tombamento";0;0;0;0;0;1;0;0;0;0;1;0;0;0;0
"16/04/2024";"03:40:00";"39";"Sem vítima";"396,000";"BR-153/GO";"Decrescente";"Colisão traseira";2;0;0;0;0;0;0;0;0;0;2;0;0;0;0
"16/04/2024";"04:33:00";"45";"Com vítima";"434,200";"BR-153/GO";"Crescente";"Queda de moto";0;0;0;1;0;0;0;0;0;0;0;0;2;0;0
"16/04/2024";"06:16:00";"63";"Com vítima";"255,000";"BR-153/GO";"Decrescente";"Tombamento";0;0;1;0;0;0;0;0;0;0;0;2;0;0;0
"16/04/2024";"11:14:00";"116";"Sem vítima";"278,000";"BR-153/GO";"Decrescente";"Saída de pista";0;0;0;0;0;1;0;0;0;0;1;0;0;0;0
"16/04/2024";"06:32:00";"192";"Com vítima";"426,000";"BR-414/GO";"Crescente";"Atropelamento de animal";1;0;0;0;0;0;0;0;0;0;1;0;0;0;0
"17/04/2024";"04:52:00";"47";"Sem vítima";"440,000";"BR-414/GO";"Crescente";"Colisão lateral no mesmo sentido";1;0;0;0;0;1;0;0;0;0;2;0;0;0;0
"17/04/2024";"08:39:00";"103";"Com vítima";"146,000";"BR-153/GO";"Decrescente";"Queda de moto";0;0;0;1;0;0;0;0;0;0;0;0;1;0;0
"17/04/2024";"10:01:00";"115";"Sem vítima";"158,000";"BR-153/GO";"Decrescente";"Saída de pista";0;0;0;0;0;1;0;0;0;0;1;0;0;0;0