data;horario;n_da_ocorrencia;tipo_de_ocorrencia;km;trecho;sentido;tipo_de_acidente;automovel;bicicleta;caminhao;moto;onibus;outros;tracao_animal;transporte_de_cargas_especiais;trator_maquinas;utilitarios;ilesos;levemente_feridos;moderadamente_feridos;gravemente_feridos;mortos
"17/04/2024";"11:56:00";"138";"Com vítima";"131,000";"BR-153/GO";"Crescente";"Colisão lateral em sentido contrário";1;0;1;0;0;2;0;0;0;0;4;0;1;0;0
"17/04/2024";"02:10:00";"159";"Sem vítima";"774,000";"BR-153/GO";"Decrescente";"Saída de pista";1;0;0;0;0;0;0;0;0;0;1;0;0;0;0
"17/04/2024";"08:56:00";"217";"Sem vítima";"278,000";"BR-153/GO";"Crescente";"Tombamento";0;0;0;0;0;1;0;0;0;0;1;0;0;0;0
"18/04/2024";"04:17:00";"33";"Sem vítima";"769,500";"BR-153/GO";"Decrescente";"Saída de pista";1;0;0;0;0;0;0;0;0;0;3;0;0;0;0
"18/04/2024";"08:31:00";"97";"Com vítima";"436,000";"BR-153/GO";"Decrescente";"Queda de moto";0;0;0;1;0;0;0;0;0;0;0;1;0;0;0
"18/04/2024";"02:14:00";"158";"Com vítima";"372,500";"BR-414/GO";"Crescente";"Atropelamento de ciclista";1;1;0;0;0;0;0;0;0;0;3;0;0;0;0
"19/04/2024";"08:00:00";"114";"Sem vítima";"367,000";"BR-414/GO";"Decrescente";"Queda de moto";0;0;0;1;0;0;0;0;0;0;1;0;0;0;0
"19/04/2024";"10:12:00";"138";"Com vítima";"410,000";"BR-414/GO";"Decrescente";"Queda de moto";0;0;0;1;0;0;0;0;0;0;0;1;0;0;0
"19/04/2024";"10:51:00";"145";"Sem vítima";"646,000";"BR-153/GO";"Decrescente";"Colisão traseira";1;0;0;0;0;1;0;0;0;0;3;0;0;0;0
"19/04/2024";"01:40:00";"183";"Sem vítima";"410,000";"BR-414/GO";"Decrescente";"Colisão traseira";1;0;0;0;0;0;0;0;0;1;6;0;0;0;0
"19/04/2024";"04:55:00";"224";"Com vítima";"701,000";"BR-153/GO";"Decrescente";"Atropelamento de animal";1;0;0;0;0;0;0;0;0;0;1;0;0;0;0
"19/04/2024";"06:10:00";"230";"Sem vítima";"24,000";"BR-153/GO";"Crescente";"Carreta deu L";0;0;0;0;0;1;0;0;0;0;1;0;0;0;0
"19/04/2024";"06:15:00";"232";"Com vítima";"403,600";"BR-414/GO";"Decrescente";"Colisão frontal";1;0;0;0;0;0;0;0;0;1;0;0;3;1;0
"19/04/2024";"06:43:00";"236";"Sem vítima";"80,000";"BR-153/GO";"Crescente";"Queda de moto";0;0;0;1;0;0;0;0;0;0;1;0;0;0;0
"19/04/2024";"07:55:00";"245";"Com vítima";"687,807";"BR-153/GO";"Decrescente";"Colisão traseira";1;0;0;1;0;1;0;0;0;0;2;1;0;0;0
"20/04/2024";"05:25:00";"65";"Sem vítima";"674,000";"BR-153/GO";"Crescente";"Saída de pista";1;0;0;0;0;0;0;0;0;0;1;0;0;0;0
"20/04/2024";"07:23:00";"91";"Sem vítima";"405,000";"BR-414/GO";"Crescente";"Colisão traseira";1;0;0;1;0;0;0;0;0;0;2;0;0;0;0
"20/04/2024";"01:48:00";"162";"Sem vítima";"301,950";"BR-414/GO";"Decrescente";"Desatrelamento";0;0;0;0;0;1;0;0;0;0;1;0;0;0;0
"20/04/2024";"02:58:00";"174";"Sem vítima";"125,000";"BR-80/GO";"Crescente";"Saída de pista";1;0;0;0;0;0;0;0;0;0;1;0;0;0;0
"20/04/2024";"04:33:00";"190";"Sem vítima";"397,000";"BR-414/GO";"Crescente";"Queda de moto";0;0;0;1;0;0;0;0;0;0;2;0;0;0;0
"20/04/2024";"06:29:00";"204";"Com vítima";"74,000";"BR-153/GO";"Crescente";"Saída de pista";1;0;0;0;0;0;0;0;0;0;0;0;1;0;0
"21/04/2024";"02:24:00";"19";"Com vítima";"406,400";"BR-153/GO";"Decrescente";"Saída de pista";1;0;0;0;0;0;0;0;0;0;0;1;0;0;0
"21/04/2024";"03:08:00";"25";"Sem vítima";"761,000";"BR-153/GO";"Decrescente";"Saída de pista";1;0;0;0;0;0;0;0;0;0;1;0;0;0;0
"21/04/2024";"01:36:00";"121";"Com vítima";"248,000";"BR-153/GO";"Decrescente";"Queda de moto";0;0;0;1;0;0;0;0;0;0;0;0;1;0;0
"22/04/2024";"12:59:00";"16";"Sem vítima";"64,977";"BR-153/GO";"Decrescente";"Atropelamento de animal";0;0;0;0;0;0;0;0;0;1;1;0;0;0;0
"22/04/2024";"05:29:00";"47";"Sem vítima";"674,000";"BR-153/GO";"Decrescente";"Colisão traseira";1;0;1;0;0;0;0;0;0;0;2;0;0;0;0
"22/04/2024";"02:05:00";"128";"Sem vítima";"165,000";"BR-153/GO";"Decrescente";"Saída de pista";0;0;0;0;0;0;0;0;0;1;2;0;0;0;0
"22/04/2024";"03:53:00";"139";"Com vítima";"436,800";"BR-153/GO";"Crescente";"Saída de pista";0;0;0;1;0;1;0;0;0;0;1;1;0;0;0
"22/04/2024";"04:11:00";"144";"Com vítima";"200,000";"BR-153/GO";"Decrescente";"Queda de moto";0;0;0;1;0;0;0;0;0;0;0;0;1;0;0
"22/04/2024";"06:33:00";"159";"Sem vítima";"359,100";"BR-153/GO";"Crescente";"Atropelamento de animal";0;0;0;0;0;0;0;0;0;1;1;0;0;0;0
"23/04/2024";"03:27:00";"32";"Sem vítima";"38,000";"BR-153/GO";"Crescente";"Saída de pista";1;0;0;0;0;0;0;0;0;0;1;0;0;0;0
"23/04/2024";"04:26:00";"39";"Com vítima";"393,000";"BR-153/GO";"Decrescente";"Saída de pista";1;0;0;0;0;0;0;0;0;0;1;0;2;0;0
"23/04/2024";"08:01:00";"80";"Sem vítima";"653,100";"BR-153/GO";"Crescente";"Colisão traseira";0;0;0;0;1;2;0;0;0;0;10;0;0;0;0
"23/04/2024";"01:56:00";"125";"Sem vítima";"374,200";"BR-414/GO";"Decrescente";"Colisão transversal";1;0;0;0;0;1;0;0;0;0;2;0;0;0;0
"23/04/2024";"02:26:00";"132";"Sem vítima";"73,000";"BR-153/GO";"Crescente";"Saída de pista";0;0;1;0;0;0;0;0;0;0;1;0;0;0;0
"23/04/2024";"08:56:00";"185";"Com vítima";"27,500";"BR-153/GO";"Decrescente";"Atropelamento de pedestre";0;0;0;0;0;1;0;0;0;0;2;0;0;0;1
"24/04/2024";"04:22:00";"33";"Sem vítima";"323,400";"BR-153/GO";"Crescente";"Saída de pista";0;0;0;0;0;0;0;0;0;1;2;0;0;0;0
"24/04/2024";"05:06:00";"49";"Com vítima";"202,000";"BR-153/GO";"Crescente";"Colisão lateral em sentido contrário";0;0;1;1;0;0;0;0;0;0;3;1;0;0;0
"24/04/2024";"06:30:00";"63";"Sem vítima";"677,500";"BR-153/GO";"Decrescente";"Saída de pista";1;0;0;0;0;0;0;0;0;0;1;0;0;0;0
"24/04/2024";"12:30:00";"124";"Com vítima";"128,200";"BR-153/GO";"Crescente";"Choque";0;0;0;0;0;0;0;0;0;1;0;1;0;0;0
"24/04/2024";"12:50:00";"131";"Sem vítima";"205,000";"BR-153/GO";"Decrescente";"Colisão lateral no mesmo sentido";1;0;0;0;0;1;0;0;0;0;2;0;0;0;0
"24/04/2024";"03:39:00";"162";"Sem vítima";"364,500";"BR-414/GO";"Crescente";"Saída de pista";0;0;1;0;0;0;0;0;0;0;1;0;0;0;0
"25/04/2024";"04:58:00";"42";"Sem vítima";"373,900";"BR-153/GO";"Crescente";"Colisão traseira";1;0;0;0;0;1;0;0;0;0;4;0;0;0;0
"25/04/2024";"07:08:00";"72";"Sem vítima";"679,000";"BR-153/GO";"Crescente";"Choque";1;0;0;0;0;0;0;0;0;0;1;0;0;0;0
"25/04/2024";"10:04:00";"102";"Sem vítima";"130,000";"BR-153/GO";"Decrescente";"Colisão traseira";1;0;0;0;0;1;0;0;0;0;2;0;0;0;0
"25/04/2024";"04:31:00";"161";"Com vítima";"434,500";"BR-153/GO";"Crescente";"Atropelamento de pedestre";1;0;0;0;0;0;0;0;0;0;1;0;0;0;1
"25/04/2024";"10:06:00";"10";"Com vítima";"418,000";"BR-153/GO";"Crescente";"Saída de pista";0;0;0;1;0;0;0;0;0;0;0;0;1;0;0
"26/04/2024";"03:52:00";"37";"Sem vítima";"175,000";"BR-153/GO";"Decrescente";"Colisão traseira";2;0;0;0;0;0;0;0;0;0;4;0;0;0;0
"26/04/2024";"04:19:00";"40";"Sem vítima";"405,500";"BR-153/GO";"Decrescente";"Saída de pista";1;0;0;0;0;0;0;0;0;0;1;0;0;0;0
"26/04/2024";"05:31:00";"56";"Com vítima";"308,000";"BR-414/GO";"Crescente";"Queda de moto";0;0;0;1;0;0;0;0;0;0;0;1;0;0;0
"26/04/2024";"06:19:00";"65";"Sem vítima";"203,000";"BR-153/GO";"Decrescente";"Engavetamento";0;0;0;0;0;3;0;0;0;0;3;0;0;0;0
"26/04/2024";"09:50:00";"105";"Sem vítima";"636,000";"BR-153/GO";"Decrescente";"Colisão lateral em sentido contrário";1;0;0;0;0;1;0;0;0;0;2;0;0;0;0
"26/04/2024";"10:03:00";"108";"Sem vítima";"336,000";"BR-153/GO";"Crescente";"Colisão transversal";1;0;0;0;0;1;0;0;0;1;6;0;0;0;0
"26/04/2024";"10:03:00";"109";"Sem vítima";"428,000";"BR-153/GO";"Decrescente";"Colisão lateral no mesmo sentido";0;0;1;0;0;1;0;0;0;0;2;0;0;0;0
"26/04/2024";"04:03:00";"170";"Sem vítima";"296,709";"BR-153/GO";"Crescente";"Saída de pista";1;0;0;0;0;0;0;0;0;0;1;0;0;0;0
"26/04/2024";"04:55:00";"182";"Sem vítima";"344,000";"BR-153/GO";"Crescente";"Saída de pista";0;0;1;0;0;0;0;0;0;0;1;0;0;0;0
"26/04/2024";"07:12:00";"208";"Com vítima";"107,800";"BR-80/GO";"Decrescente";"Atropelamento de animal";0;0;0;1;0;0;0;0;0;0;1;0;0;0;0
"26/04/2024";"07:40:00";"210";"Com vítima";"702,000";"BR-153/GO";"Crescente";"Queda de moto";0;0;0;1;0;0;0;0;0;0;0;0;2;0;0
"27/04/2024";"02:27:00";"34";"Sem vítima";"372,700";"BR-414/GO";"Decrescente";"Atropelamento de animal";0;0;0;0;0;2;0;0;0;0;2;0;0;0;0
"27/04/2024";"06:30:00";"77";"Com vítima";"311,000";"BR-414/GO";"Decrescente";"Atropelamento de animal";1;0;0;0;0;0;0;0;0;0;4;0;0;0;0
"27/04/2024";"11:21:00";"122";"Com vítima";"338,000";"BR-153/GO";"Decrescente";"Choque";0;0;0;1;0;0;0;0;0;0;0;0;2;0;0
"27/04/2024";"12:30:00";"139";"Com vítima";"112,000";"BR-153/GO";"Crescente";"Capotamento";0;0;0;0;0;0;0;0;0;1;0;2;0;0;0
"27/04/2024";"12:32:00";"140";"Sem vítima";"361,000";"BR-153/GO";"Decrescente";"Colisão traseira";1;0;0;0;0;1;0;0;0;0;4;0;0;0;0
"27/04/2024";"02:55:00";"160";"Sem vítima";"67,000";"BR-153/GO";"Crescente";"Colisão traseira";0;0;2;0;0;0;0;0;0;0;3;0;0;0;0
"27/04/2024";"09:37:00";"3";"Com vítima";"354,050";"BR-153/GO";"Decrescente";"Saída de pista";0;0;1;0;0;0;0;0;0;0;0;0;0;0;1
"28/04/2024";"12:00:00";"128";"Sem vítima";"722,000";"BR-153/GO";"Decrescente";"Colisão lateral em sentido contrário";1;0;1;0;0;0;0;0;0;0;2;0;0;0;0
"28/04/2024";"01:25:00";"148";"Sem vítima";"209,000";"BR-153/GO";"Decrescente";"Colisão traseira";1;0;1;0;0;0;0;0;0;0;5;0;0;0;0
"28/04/2024";"02:46:00";"159";"Com vítima";"722,000";"BR-153/GO";"Decrescente";"Colisão traseira";0;0;0;1;0;0;0;0;0;1;1;0;1;0;0
"28/04/2024";"03:37:00";"166";"Com vítima";"436,000";"BR-153/GO";"Decrescente";"Queda de moto";0;0;0;1;0;0;0;0;0;0;0;0;2;0;0
"28/04/2024";"03:44:00";"168";"Com vítima";"423,000";"BR-153/GO";"Crescente";"Atropelamento de animal";1;0;0;0;0;0;0;0;0;0;1;0;0;0;0
"28/04/2024";"06:47:00";"199";"Com vítima";"332,000";"BR-414/GO";"Crescente";"Saída de pista";1;0;0;0;0;0;0;0;0;0;0;1;0;0;0
"29/04/2024";"12:28:00";"134";"Sem vítima";"435,000";"BR-153/GO";"Crescente";"Saída de pista";0;0;1;0;0;0;0;0;0;0;1;0;0;0;0
"29/04/2024";"04:45:00";"175";"Com vítima";"273,700";"BR-153/GO";"Decrescente";"Colisão traseira";1;0;0;0;0;1;0;0;0;0;1;2;1;0;0
"30/04/2024";"02:08:00";"22";"Sem vítima";"356,400";"BR-153/GO";"Crescente";"Colisão lateral em sentido contrário";2;0;0;0;0;0;0;0;0;0;6;0;0;0;0
"30/04/2024";"04:04:00";"37";"Com vítima";"300,000";"BR-153/GO";"Decrescente";"Queda de carga";0;0;0;1;0;0;0;0;0;0;0;0;1;0;0
"30/04/2024";"04:29:00";"45";"Com vítima";"662,000";"BR-153/GO";"Decrescente";"Saída de pista";0;0;0;0;0;0;0;0;0;1;0;2;0;0;0
"30/04/2024";"05:56:00";"69";"Sem vítima";"646,000";"BR-153/GO";"Crescente";"Colisão traseira";1;0;0;0;0;0;0;0;0;1;2;0;0;0;0
"30/04/2024";"07:07:00";"90";"Sem vítima";"107,000";"BR-153/GO";"Decrescente";"Colisão traseira";2;0;0;0;0;0;0;0;0;0;5;0;0;0;0
"30/04/2024";"08:45:00";"108";"Sem vítima";"436,500";"BR-153/GO";"Crescente";"Choque";1;0;0;0;0;0;0;0;0;0;1;0;0;0;0
"30/04/2024";"07:05:00";"203";"Com vítima";"42,000";"BR-153/GO";"Crescente";"Atropelamento de animal";1;0;0;0;0;0;0;0;0;0;3;0;0;0;0
"01/05/2024";"01:42:00";"23";"Com vítima";"339,700";"BR-414/GO";"Crescente";"Saída de pista";1;0;0;0;0;0;0;0;0;0;0;0;2;0;0
"01/05/2024";"01:48:00";"149";"Com vítima";"111,000";"BR-80/GO";"Crescente";"Colisão transversal";1;0;0;1;0;0;0;0;0;0;2;0;1;0;0
"01/05/2024";"04:47:00";"174";"Com vítima";"96,800";"BR-153/GO";"Crescente";"Atropelamento de animal";1;0;0;0;0;0;0;0;0;0;1;1;0;0;0
"02/05/2024";"02:02:00";"18";"Com vítima";"264,000";"BR-153/GO";"Crescente";"Colisão traseira";0;0;1;0;0;1;0;0;0;0;1;1;0;0;0
"02/05/2024";"10:43:00";"99";"Sem vítima";"413,000";"BR-414/GO";"Decrescente";"Saída de pista";1;0;0;0;0;0;0;0;0;0;3;0;0;0;0
"02/05/2024";"02:57:00";"151";"Com vítima";"627,000";"BR-153/GO";"Crescente";"Saída de pista";0;0;1;0;0;0;0;0;0;0;1;1;0;0;0
"03/05/2024";"05:37:00";"53";"Sem vítima";"355,000";"BR-153/GO";"Crescente";"Colisão traseira";0;0;1;0;0;1;0;0;0;0;2;0;0;0;0
"03/05/2024";"01:25:00";"148";"Sem vítima";"200,000";"BR-153/GO";"Crescente";"Colisão transversal";0;0;0;0;0;2;0;0;0;0;2;0;0;0;0
"03/05/2024";"07:40:00";"202";"Sem vítima";"393,100";"BR-414/GO";"Crescente";"Colisão traseira";1;0;0;1;0;0;0;0;0;0;6;0;0;0;0
"04/05/2024";"02:38:00";"29";"Com vítima";"161,000";"BR-153/GO";"Decrescente";"Atropelamento de animal";1;0;0;0;0;0;0;0;0;0;1;0;0;0;0
"04/05/2024";"07:55:00";"105";"Com vítima";"631,000";"BR-153/GO";"Decrescente";"Capotamento";1;0;0;0;0;0;0;0;0;0;0;3;2;0;0
"04/05/2024";"03:46:00";"175";"Com vítima";"437,400";"BR-153/GO";"Crescente";"Colisão traseira";1;0;0;0;0;1;0;0;0;0;1;1;0;0;0
"04/05/2024";"06:05:00";"193";"Com vítima";"440,000";"BR-414/GO";"Crescente";"Atropelamento de animal";0;0;0;1;0;0;0;0;0;0;0;0;1;0;0
"05/05/2024";"07:26:00";"63";"Sem vítima";"336,000";"BR-414/GO";"Decrescente";"Capotamento";1;0;0;0;0;0;0;0;0;0;3;0;0;0;0
"05/05/2024";"08:56:00";"80";"Sem vítima";"430,000";"BR-153/GO";"Crescente";"Saída de pista";1;0;0;0;0;0;0;0;0;0;3;0;0;0;0
"05/05/2024";"09:55:00";"87";"Sem vítima";"307,000";"BR-153/GO";"Decrescente";"Saída de pista";0;0;0;0;0;1;0;0;0;0;1;0;0;0;0
"05/05/2024";"12:37:00";"113";"Sem vítima";"178,500";"BR-153/GO";"Decrescente";"Colisão lateral em sentido contrário";2;0;0;0;0;0;0;0;0;0;3;0;0;0;0
"05/05/2024";"04:28:00";"157";"Com vítima";"384,700";"BR-414/GO";"Crescente";"Saída de pista";1;0;0;0;0;0;0;0;0;0;0;1;0;0;0
"05/05/2024";"07:09:00";"183";"Sem vítima";"230,000";"BR-153/GO";"Decrescente";"Saída de pista";1;0;0;0;0;1;0;0;0;0;2;0;0;0;0
"05/05/2024";"08:22:00";"195";"Com vítima";"776,800";"BR-153/GO";"Crescente";"Atropelamento de animal";1;0;0;0;0;0;0;0;0;0;3;0;0;0;0
"06/05/2024";"03:59:00";"36";"Sem vítima";"59,800";"BR-153/GO";"Crescente";"Saída de pista";1;0;0;0;0;0;0;0;0;0;3;0;0;0;0
"06/05/2024";"09:17:00";"92";"Sem vítima";"284,600";"BR-153/GO";"Decrescente";"Colisão traseira";1;0;0;0;0;1;0;0;0;0;6;0;0;0;0
"06/05/2024";"03:59:00";"159";"Sem vítima";"349,000";"BR-414/GO";"Decrescente";"Colisão frontal";1;0;0;0;0;0;0;0;0;1;3;0;0;0;0
"06/05/2024";"04:03:00";"162";"Sem vítima";"372,000";"BR-414/GO";"Crescente";"Saída de pista";1;0;0;0;0;0;0;0;0;0;1;0;0;0;0
"07/05/2024";"02:40:00";"138";"Com vítima";"638,000";"BR-153/GO";"Crescente";"Colisão traseira";1;0;1;0;1;0;0;0;0;0;2;1;0;0;0
"07/05/2024";"03:38:00";"145";"Com vítima";"376,000";"BR-414/GO";"Crescente";"Atropelamento de animal";1;0;0;0;0;1;0;0;0;0;1;0;2;0;0
"08/05/2024";"01:52:00";"18";"Com vítima";"135,000";"BR-153/GO";"Decrescente";"Capotamento";1;0;0;0;0;0;0;0;0;0;0;0;1;0;0
"08/05/2024";"10:30:00";"98";"Sem vítima";"270,000";"BR-153/GO";"Crescente";"Tombamento";0;0;0;0;0;1;0;0;0;0;1;0;0;0;0
"08/05/2024";"11:55:00";"106";"Com vítima";"191,000";"BR-153/GO";"Crescente";"Saída de pista";0;0;0;0;0;0;0;0;0;1;0;0;1;0;0
"08/05/2024";"12:11:00";"107";"Com vítima";"137,000";"BR-80/GO";"Decrescente";"Colisão lateral no mesmo sentido";1;0;0;1;0;0;0;0;0;0;1;0;1;0;0
"08/05/2024";"03:42:00";"136";"Sem vítima";"676,000";"BR-153/GO";"Decrescente";"Tombamento";0;0;1;0;0;0;0;0;0;0;1;0;0;0;0
"09/05/2024";"06:35:00";"68";"Com vítima";"284,500";"BR-153/GO";"Decrescente";"Colisão frontal";0;0;1;0;0;1;0;0;0;1;2;0;2;0;0
"09/05/2024";"05:43:00";"180";"Sem vítima";"109,000";"BR-153/GO";"Decrescente";"Saída de pista";1;0;0;0;0;0;0;0;0;0;1;0;0;0;0
"10/05/2024";"01:00:00";"21";"Sem vítima";"132,000";"BR-80/GO";"Decrescente";"Saída de pista";1;0;0;0;0;0;0;0;0;0;3;0;0;0;0
"10/05/2024";"12:36:00";"134";"Sem vítima";"209,000";"BR-153/GO";"Decrescente";"Colisão traseira";2;0;0;0;0;0;0;0;0;0;4;0;0;0;0
"10/05/2024";"12:50:00";"138";"Com vítima";"98,000";"BR-153/GO";"Crescente";"Colisão traseira";0;0;1;0;0;0;0;0;0;1;1;0;1;0;0
"10/05/2024";"01:09:00";"140";"Com vítima";"438,000";"BR-153/GO";"Crescente";"Saída de pista";0;0;0;0;0;0;0;0;0;1;1;1;0;0;0
"10/05/2024";"01:46:00";"145";"Sem vítima";"341,800";"BR-153/GO";"Crescente";"Colisão traseira";0;0;1;0;0;1;0;0;0;0;2;0;0;0;0
"10/05/2024";"02:38:00";"153";"Sem vítima";"689,000";"BR-153/GO";"Crescente";"Tombamento";0;0;0;0;0;1;0;0;0;0;1;0;0;0;0
"10/05/2024";"03:03:00";"158";"Sem vítima";"98,000";"BR-153/GO";"Decrescente";"Colisão traseira";1;0;0;0;0;1;0;0;0;0;2;0;0;0;0
"10/05/2024";"07:21:00";"197";"Com vítima";"98,000";"BR-153/GO";"Crescente";"Queda de moto";0;0;0;1;0;0;0;0;0;0;0;0;1;0;0
"10/05/2024";"07:29:00";"199";"Com vítima";"793,500";"BR-153/GO";"Decrescente";"Tombamento";0;0;0;0;0;1;0;0;0;0;0;0;1;0;0
"11/05/2024";"04:25:00";"220";"Sem vítima";"321,000";"BR-414/GO";"Decrescente";"Colisão traseira";1;0;0;0;0;1;0;0;0;0;2;0;0;0;0
"11/05/2024";"05:38:00";"233";"Sem vítima";"656,800";"BR-153/GO";"Crescente";"Saída de pista";1;0;0;0;0;0;0;0;0;0;1;0;0;0;0
"11/05/2024";"05:53:00";"235";"Sem vítima";"373,500";"BR-414/GO";"Decrescente";"Colisão traseira";2;0;0;0;0;0;0;0;0;0;3;0;0;0;0
"11/05/2024";"08:35:00";"256";"Com vítima";"348,500";"BR-153/GO";"Crescente";"Saída de pista";1;0;0;0;0;0;0;0;0;0;0;2;1;1;0
"12/05/2024";"03:53:00";"31";"Com vítima";"683,000";"BR-153/GO";"Crescente";"Queda de moto";0;0;0;1;0;0;0;0;0;0;1;1;0;0;0
"12/05/2024";"06:54:00";"57";"Com vítima";"280,900";"BR-153/GO";"Decrescente";"Tombamento";0;0;0;0;0;1;0;0;0;0;0;0;1;0;0
"12/05/2024";"03:01:00";"153";"Com vítima";"376,000";"BR-414/GO";"Crescente";"Colisão transversal";2;0;0;0;0;0;0;0;0;0;2;2;0;0;0
"12/05/2024";"03:34:00";"159";"Com vítima";"438,000";"BR-414/GO";"Crescente";"Colisão traseira";1;0;0;1;0;0;0;0;0;0;1;0;1;0;0
"12/05/2024";"06:16:00";"180";"Sem vítima";"431,000";"BR-153/GO";"Decrescente";"Saída de pista";1;0;0;0;0;0;0;0;0;0;1;0;0;0;0
"13/05/2024";"02:21:00";"24";"Com vítima";"240,000";"BR-153/GO";"Decrescente";"Colisão transversal";1;0;0;0;0;1;0;0;0;0;1;0;1;0;0
"14/05/2024";"07:35:00";"92";"Sem vítima";"436,000";"BR-153/GO";"Crescente";"Colisão traseira";0;0;0;1;0;1;0;0;0;0;2;0;0;0;0
"14/05/2024";"12:18:00";"159";"Sem vítima";"439,500";"BR-414/GO";"Crescente";"Colisão traseira";0;0;0;0;0;0;0;0;0;2;2;0;0;0;0
"14/05/2024";"02:25:00";"179";"Sem vítima";"430,000";"BR-153/GO";"Decrescente";"Saída de pista";0;0;0;0;0;1;0;0;0;0;1;0;0;0;0
"14/05/2024";"04:22:00";"193";"Sem vítima";"76,000";"BR-153/GO";"Decrescente";"Atropelamento de animal";1;0;0;0;0;0;0;0;0;0;1;0;0;0;0
"14/05/2024";"09:30:00";"3";"Com vítima";"657,000";"BR-153/GO";"Crescente";"Atropelamento de animal";0;0;0;0;0;1;0;0;0;0;1;0;0;0;0
"15/05/2024";"02:14:00";"17";"Com vítima";"381,300";"BR-414/GO";"Crescente";"Atropelamento de animal";0;0;0;0;0;1;0;0;0;0;1;0;0;0;0
"15/05/2024";"05:11:00";"46";"Sem vítima";"123,800";"BR-153/GO";"Decrescente";"Colisão lateral no mesmo sentido";1;0;1;0;0;0;0;0;0;0;2;0;0;0;0
"15/05/2024";"10:34:00";"106";"Sem vítima";"437,000";"BR-414/GO";"Crescente";"Colisão lateral no mesmo sentido";0;0;0;1;0;0;0;0;0;1;2;0;0;0;0
"15/05/2024";"11:03:00";"109";"Com vítima";"175,000";"BR-153/GO";"Decrescente";"Acidentes de outra natureza";0;0;0;1;0;1;0;0;0;0;1;0;1;0;0
"15/05/2024";"12:08:00";"120";"Com vítima";"439,000";"BR-153/GO";"Decrescente";"Queda de moto";0;0;0;1;0;0;0;0;0;0;1;0;1;0;0
"15/05/2024";"01:43:00";"140";"Com vítima";"207,000";"BR-153/GO";"Decrescente";"Colisão frontal";0;0;0;0;0;2;0;0;0;1;2;0;2;0;0
"15/05/2024";"02:34:00";"147";"Com vítima";"132,000";"BR-80/GO";"Decrescente";"Queda de moto";0;0;0;1;0;0;0;0;0;0;0;1;0;0;0
"15/05/2024";"03:46:00";"160";"Com vítima";"436,000";"BR-414/GO";"Crescente";"Colisão transversal";1;0;0;1;0;0;0;0;0;0;0;1;1;0;0
"15/05/2024";"05:29:00";"166";"Com vítima";"630,500";"BR-153/GO";"Crescente";"Capotamento";1;0;0;0;0;0;0;0;0;0;0;3;0;0;0
"16/05/2024";"01:08:00";"13";"Sem vítima";"704,000";"BR-153/GO";"Decrescente";"Colisão lateral no mesmo sentido";2;0;0;0;0;0;0;0;0;0;4;0;0;0;0
"16/05/2024";"05:07:00";"204";"Sem vítima";"633,000";"BR-153/GO";"Decrescente";"Saída de pista";0;0;0;0;0;0;0;0;0;1;4;0;0;0;0
"16/05/2024";"08:25:00";"226";"Com vítima";"368,000";"BR-414/GO";"Crescente";"Saída de pista";1;0;0;0;0;0;0;0;0;0;0;0;1;0;0
"17/05/2024";"03:02:00";"26";"Sem vítima";"436,100";"BR-153/GO";"Decrescente";"Capotamento";1;0;0;0;0;0;0;0;0;0;1;0;0;0;0