data;horario;n_da_ocorrencia;tipo_de_ocorrencia;km;trecho;sentido;tipo_de_acidente;automovel;bicicleta;caminhao;moto;onibus;outros;tracao_animal;transporte_de_cargas_especiais;trator_maquinas;utilitarios;ilesos;levemente_feridos;moderadamente_feridos;gravemente_feridos;mortos
"17/05/2024";"04:31:00";"41";"Sem vítima";"442,000";"BR-153/GO";"Crescente";"Colisão lateral no mesmo sentido";2;0;0;0;0;0;0;0;0;0;2;0;0;0;0
"17/05/2024";"07:00:00";"80";"Sem vítima";"141,300";"BR-153/GO";"Decrescente";"Colisão traseira";1;0;0;0;0;0;0;0;0;1;2;0;0;0;0
"17/05/2024";"02:20:00";"159";"Sem vítima";"24,000";"BR-153/GO";"Decrescente";"Colisão traseira";0;0;0;0;0;2;0;0;0;0;2;0;0;0;0
"17/05/2024";"03:06:00";"164";"Com vítima";"719,000";"BR-153/GO";"Decrescente";"Colisão transversal";1;0;0;0;1;0;0;0;0;0;8;0;1;0;0
"17/05/2024";"04:00:00";"173";"Sem vítima";"647,000";"BR-153/GO";"Decrescente";"Saída de pista";1;0;0;0;0;0;0;0;0;0;1;0;0;0;0
"17/05/2024";"06:35:00";"190";"Com vítima";"383,000";"BR-153/GO";"Decrescente";"Atropelamento de animal";1;0;0;0;0;0;0;0;0;0;1;0;0;0;0
"18/05/2024";"12:03:00";"21";"Sem vítima";"431,000";"BR-153/GO";"Decrescente";"Choque";1;0;0;0;0;0;0;0;0;0;1;0;0;0;0
"18/05/2024";"02:40:00";"39";"Sem vítima";"126,000";"BR-80/GO";"Crescente";"Queda de moto";0;0;0;1;0;0;0;0;0;0;1;0;0;0;0
"18/05/2024";"06:28:00";"78";"Com vítima";"439,000";"BR-414/GO";"Crescente";"Colisão lateral no mesmo sentido";1;0;0;1;0;0;0;0;0;0;1;1;0;0;0
"18/05/2024";"12:49:00";"152";"Sem vítima";"317,300";"BR-153/GO";"Decrescente";"Colisão lateral no mesmo sentido";1;0;0;0;0;0;0;0;0;0;1;0;0;0;0
"18/05/2024";"02:08:00";"166";"Com vítima";"694,000";"BR-153/GO";"Decrescente";"Queda de moto";0;0;0;1;0;0;0;0;0;0;0;0;1;0;0
"18/05/2024";"03:41:00";"185";"Sem vítima";"275,000";"BR-153/GO";"Crescente";"Colisão lateral no mesmo sentido";1;0;0;1;0;0;0;0;0;0;3;0;0;0;0
"18/05/2024";"04:18:00";"193";"Com vítima";"442,000";"BR-153/GO";"Decrescente";"Queda de moto";0;0;0;1;0;0;0;0;0;0;0;0;1;0;0
"19/05/2024";"06:40:00";"188";"Sem vítima";"82,000";"BR-153/GO";"Crescente";"Queda de moto";0;0;0;1;0;0;0;0;0;0;3;0;0;0;0
"19/05/2024";"07:01:00";"191";"Sem vítima";"124,470";"BR-80/GO";"Decrescente";"Saída de pista";0;0;0;0;0;0;0;0;0;1;1;0;0;0;0
"19/05/2024";"08:32:00";"204";"Sem vítima";"126,000";"BR-80/GO";"Decrescente";"Saída de pista";1;0;0;0;0;0;0;0;0;0;3;0;0;0;0
"20/05/2024";"04:31:00";"45";"Com vítima";"416,000";"BR-414/GO";"Decrescente";"Saída de pista";1;0;0;0;0;0;0;0;0;0;0;1;0;0;0
"20/05/2024";"06:46:00";"70";"Sem vítima";"202,500";"BR-153/GO";"Decrescente";"Tombamento";0;0;1;0;0;1;0;0;0;0;2;0;0;0;0
"20/05/2024";"02:25:00";"157";"Com vítima";"138,330";"BR-80/GO";"Crescente";"Colisão traseira";1;0;1;0;0;0;0;0;0;0;1;0;1;0;0
"21/05/2024";"05:45:00";"57";"Sem vítima";"421,000";"BR-414/GO";"Crescente";"Engavetamento";2;0;0;0;0;2;0;0;0;0;5;0;0;0;0
"21/05/2024";"09:06:00";"109";"Com vítima";"437,000";"BR-153/GO";"Crescente";"Queda de moto";0;0;0;1;0;0;0;0;0;0;0;0;1;0;0
"21/05/2024";"12:37:00";"145";"Sem vítima";"211,000";"BR-153/GO";"Decrescente";"Colisão traseira";1;0;0;0;0;1;0;0;0;0;3;0;0;0;0
"21/05/2024";"05:52:00";"195";"Com vítima";"301,850";"BR-153/GO";"Decrescente";"Atropelamento de pedestre";0;0;0;0;0;0;0;0;0;1;1;0;0;0;1
"22/05/2024";"05:10:00";"45";"Sem vítima";"697,000";"BR-153/GO";"Crescente";"Colisão lateral em sentido contrário";1;0;0;1;0;0;0;0;0;0;2;0;0;0;0
"22/05/2024";"06:19:00";"63";"Com vítima";"284,200";"BR-153/GO";"Crescente";"Colisão traseira";1;0;0;0;0;0;0;0;0;0;0;1;0;0;0
"22/05/2024";"10:11:00";"124";"Sem vítima";"385,000";"BR-414/GO";"Decrescente";"Saída de pista";1;0;0;0;0;0;0;0;0;0;1;0;0;0;0
"22/05/2024";"12:22:00";"150";"Sem vítima";"734,000";"BR-153/GO";"Decrescente";"Colisão traseira";0;0;1;0;0;1;0;0;0;0;2;0;0;0;0
"22/05/2024";"01:46:00";"159";"Com vítima";"683,500";"BR-153/GO";"Crescente";"Saída de pista";0;0;0;0;0;1;0;0;0;0;1;0;1;0;0
"22/05/2024";"04:17:00";"172";"Com vítima";"752,000";"BR-153/GO";"Crescente";"Colisão traseira";0;0;0;0;0;1;0;0;0;1;1;2;0;0;0
"23/05/2024";"12:22:00";"137";"Sem vítima";"296,000";"BR-153/GO";"Crescente";"Saída de pista";1;0;0;0;0;0;0;0;0;0;1;0;0;0;0
"23/05/2024";"04:03:00";"180";"Sem vítima";"433,900";"BR-153/GO";"Decrescente";"Colisão lateral no mesmo sentido";2;0;0;0;0;0;0;0;0;0;4;0;0;0;0
"24/05/2024";"05:05:00";"47";"Com vítima";"436,000";"BR-153/GO";"Crescente";"Colisão traseira";1;0;1;0;0;0;0;0;0;0;1;0;1;0;0
"24/05/2024";"11:04:00";"114";"Sem vítima";"708,000";"BR-153/GO";"Crescente";"Tombamento";0;0;1;0;0;0;0;0;0;0;1;0;0;0;0
"24/05/2024";"11:08:00";"116";"Com vítima";"327,000";"BR-414/GO";"Crescente";"Saída de pista";1;0;0;0;0;0;0;0;0;0;1;1;0;0;0
"24/05/2024";"11:57:00";"18";"Com vítima";"362,100";"BR-414/GO";"Decrescente";"Saída de pista";1;0;0;0;0;0;0;0;0;0;2;1;0;0;0
"25/05/2024";"03:05:00";"35";"Com vítima";"132,000";"BR-80/GO";"Crescente";"Saída de pista";0;0;1;0;0;0;0;0;0;0;0;1;0;0;0
"25/05/2024";"08:02:00";"85";"Com vítima";"442,000";"BR-153/GO";"Decrescente";"Colisão lateral no mesmo sentido";0;0;0;1;0;2;0;0;0;0;2;0;0;1;0
"25/05/2024";"11:35:00";"126";"Com vítima";"733,000";"BR-153/GO";"Decrescente";"Colisão lateral em sentido contrário";0;0;0;0;0;2;0;0;0;0;0;1;1;0;0
"25/05/2024";"03:17:00";"174";"Com vítima";"712,000";"BR-153/GO";"Decrescente";"Colisão traseira";2;0;0;0;0;0;0;0;0;0;0;2;1;0;0
"25/05/2024";"10:37:00";"7";"Sem vítima";"372,000";"BR-414/GO";"Decrescente";"Saída de pista";1;0;0;0;0;0;0;0;0;0;2;0;0;0;0
"26/05/2024";"02:23:00";"27";"Com vítima";"791,000";"BR-153/GO";"Decrescente";"Saída de pista";1;0;0;0;0;0;0;0;0;0;0;1;0;0;0
"26/05/2024";"06:31:00";"73";"Sem vítima";"392,000";"BR-414/GO";"Crescente";"Colisão lateral em sentido contrário";2;0;0;0;0;0;0;0;0;0;4;0;0;0;0
"26/05/2024";"01:33:00";"163";"Sem vítima";"434,000";"BR-414/GO";"Decrescente";"Engavetamento";3;0;0;0;0;0;0;0;0;0;4;0;0;0;0
"26/05/2024";"02:33:00";"184";"Sem vítima";"714,500";"BR-153/GO";"Decrescente";"Queda de moto";0;0;0;1;0;0;0;0;0;0;1;0;0;0;0
"26/05/2024";"04:15:00";"207";"Sem vítima";"719,000";"BR-153/GO";"Crescente";"Choque";1;0;0;0;0;0;0;0;0;0;4;0;0;0;0
"26/05/2024";"05:03:00";"214";"Sem vítima";"101,000";"BR-153/GO";"Crescente";"Colisão traseira";1;0;0;0;0;1;0;0;0;0;2;0;0;0;0
"27/05/2024";"03:23:00";"22";"Com vítima";"122,500";"BR-80/GO";"Decrescente";"Capotamento";1;0;0;0;0;0;0;0;0;0;0;1;0;0;0
"27/05/2024";"11:17:00";"118";"Com vítima";"431,000";"BR-153/GO";"Decrescente";"Colisão lateral no mesmo sentido";0;0;0;1;0;1;0;0;0;0;1;0;1;0;0
"27/05/2024";"06:36:00";"191";"Com vítima";"92,000";"BR-153/GO";"Crescente";"Saída de pista";1;0;0;0;0;0;0;0;0;0;0;1;0;0;0
"27/05/2024";"09:52:00";"3";"Sem vítima";"4,500";"BR-153/GO";"Decrescente";"Atropelamento de animal";1;0;0;0;0;0;0;0;0;0;2;0;0;0;0
"28/05/2024";"02:44:00";"17";"Sem vítima";"772,000";"BR-153/GO";"Crescente";"Choque";0;0;0;0;0;0;0;0;0;1;1;0;0;0;0
"28/05/2024";"02:02:00";"151";"Sem vítima";"279,000";"BR-153/GO";"Decrescente";"Saída de pista";1;0;0;0;0;0;0;0;0;0;1;0;0;0;0
"28/05/2024";"09:12:00";"2";"Com vítima";"31,500";"BR-153/GO";"Crescente";"Colisão traseira";0;0;0;0;0;1;0;0;0;1;0;1;1;0;0
"29/05/2024";"02:06:00";"27";"Sem vítima";"372,000";"BR-153/GO";"Crescente";"Saída de pista";0;0;0;0;0;1;0;0;0;0;1;0;0;0;0
"29/05/2024";"01:11:00";"157";"Sem vítima";"663,300";"BR-153/GO";"Crescente";"Colisão traseira";1;0;1;0;0;0;0;0;0;0;3;0;0;0;0
"29/05/2024";"06:31:00";"201";"Com vítima";"321,000";"BR-153/GO";"Decrescente";"Colisão frontal";1;0;1;0;0;0;0;0;0;0;1;0;2;0;1
"29/05/2024";"06:42:00";"204";"Sem vítima";"214,180";"BR-153/GO";"Decrescente";"Colisão traseira";0;0;0;0;0;1;0;0;0;1;5;0;0;0;0
"29/05/2024";"07:09:00";"209";"Sem vítima";"437,000";"BR-153/GO";"Crescente";"Saída de pista";1;0;0;0;0;0;0;0;0;0;1;0;0;0;0
"30/05/2024";"06:23:00";"61";"Sem vítima";"29,500";"BR-153/GO";"Decrescente";"Colisão traseira";1;0;0;0;0;0;0;0;0;1;7;0;0;0;0
"30/05/2024";"08:32:00";"81";"Com vítima";"670,000";"BR-153/GO";"Decrescente";"Colisão traseira";1;0;0;1;0;0;0;0;0;0;1;1;0;0;0
"30/05/2024";"01:02:00";"126";"Sem vítima";"355,000";"BR-153/GO";"Crescente";"Colisão lateral em sentido contrário";1;0;0;0;0;0;0;0;0;1;4;0;0;0;0
"30/05/2024";"04:02:00";"169";"Sem vítima";"316,000";"BR-414/GO";"Crescente";"Atropelamento de animal";1;0;0;0;0;0;0;0;0;0;1;0;0;0;0
"30/05/2024";"04:41:00";"174";"Com vítima";"440,200";"BR-414/GO";"Crescente";"Colisão transversal";0;0;0;1;0;1;0;0;0;0;1;0;1;0;0
"31/05/2024";"08:06:00";"90";"Com vítima";"81,000";"BR-153/GO";"Crescente";"Capotamento";1;0;0;0;0;0;0;0;0;0;0;3;2;0;0
"31/05/2024";"11:06:00";"122";"Com vítima";"418,000";"BR-414/GO";"Crescente";"Colisão frontal";2;0;0;0;0;0;0;0;0;0;0;2;0;0;1
"31/05/2024";"03:51:00";"177";"Sem vítima";"335,000";"BR-153/GO";"Crescente";"Colisão lateral em sentido contrário";1;0;1;0;0;1;0;0;0;0;5;0;0;0;0
"31/05/2024";"04:48:00";"186";"Com vítima";"142,900";"BR-80/GO";"Decrescente";"Atropelamento de animal";1;0;0;0;0;0;0;0;0;0;1;0;0;0;0
"31/05/2024";"08:17:00";"206";"Sem vítima";"432,000";"BR-153/GO";"Crescente";"Saída de pista";1;0;0;0;0;0;0;0;0;0;1;0;0;0;0
"01/06/2024";"01:16:00";"22";"Sem vítima";"258,000";"BR-153/GO";"Decrescente";"Saída de pista";0;0;0;0;0;0;0;0;0;1;1;0;0;0;0
"01/06/2024";"08:35:00";"95";"Com vítima";"669,700";"BR-153/GO";"Crescente";"Colisão lateral no mesmo sentido";0;0;1;1;0;0;0;0;0;0;1;1;0;0;0
"01/06/2024";"03:22:00";"169";"Sem vítima";"126,000";"BR-80/GO";"Decrescente";"Saída de pista";1;0;0;0;0;0;0;0;0;0;1;0;0;0;0
"02/06/2024";"04:25:00";"40";"Com vítima";"329,000";"BR-153/GO";"Crescente";"Capotamento";1;0;0;0;0;0;0;0;0;0;3;2;0;0;0
"02/06/2024";"09:12:00";"108";"Com vítima";"438,000";"BR-153/GO";"Crescente";"Queda de moto";0;0;0;1;0;0;0;0;0;0;0;0;1;0;0
"03/06/2024";"03:38:00";"32";"Com vítima";"318,200";"BR-153/GO";"Decrescente";"Atropelamento de animal";0;0;0;0;0;0;0;0;0;0;0;0;0;0;0
"03/06/2024";"04:51:00";"46";"Com vítima";"98,500";"BR-153/GO";"Decrescente";"Colisão traseira";0;0;0;0;0;1;0;0;0;1;2;0;1;0;0
"03/06/2024";"05:24:00";"54";"Sem vítima";"637,650";"BR-153/GO";"Decrescente";"Colisão traseira";1;0;0;0;0;0;0;0;0;1;2;0;0;0;0
"03/06/2024";"08:32:00";"105";"Sem vítima";"188,000";"BR-153/GO";"Decrescente";"Colisão traseira";0;0;0;0;0;2;0;0;0;0;2;0;0;0;0
"03/06/2024";"02:39:00";"166";"Com vítima";"719,000";"BR-153/GO";"Decrescente";"Colisão traseira";0;0;2;0;0;1;0;0;0;1;0;3;1;0;0
"03/06/2024";"04:27:00";"176";"Sem vítima";"422,000";"BR-153/GO";"Crescente";"Colisão traseira";1;0;0;1;0;0;0;0;0;0;2;0;0;0;0
"04/06/2024";"02:04:00";"21";"Sem vítima";"126,000";"BR-80/GO";"Decrescente";"Saída de pista";1;0;0;0;0;0;0;0;0;0;2;0;0;0;0
"04/06/2024";"09:35:00";"91";"Sem vítima";"380,300";"BR-153/GO";"Decrescente";"Choque";0;0;0;0;0;1;0;0;0;1;2;0;0;0;0
"05/06/2024";"04:50:00";"44";"Com vítima";"442,000";"BR-153/GO";"Crescente";"Colisão lateral no mesmo sentido";2;0;0;1;0;0;0;0;0;0;0;2;1;0;0
"05/06/2024";"05:55:00";"58";"Sem vítima";"666,000";"BR-153/GO";"Decrescente";"Saída de pista";1;0;0;0;0;0;0;0;0;0;1;0;0;0;0
"05/06/2024";"08:43:00";"87";"Com vítima";"284,000";"BR-153/GO";"Crescente";"Queda de moto";0;0;0;1;0;0;0;0;0;0;0;0;1;0;0
"05/06/2024";"12:30:00";"127";"Sem vítima";"42,400";"BR-153/GO";"Crescente";"Engavetamento";0;0;0;0;0;3;0;0;0;0;3;0;0;0;0
"05/06/2024";"03:50:00";"156";"Com vítima";"442,000";"BR-153/GO";"Decrescente";"Queda de moto";0;0;0;1;0;0;0;0;0;0;1;0;1;0;0
"06/06/2024";"02:14:00";"19";"Com vítima";"105,000";"BR-153/GO";"Decrescente";"Saída de pista";1;0;0;0;0;0;0;0;0;0;0;1;0;0;0
"06/06/2024";"06:01:00";"58";"Sem vítima";"372,100";"BR-414/GO";"Crescente";"Tombamento";1;0;0;0;0;0;0;0;0;1;2;0;0;0;0
"06/06/2024";"07:10:00";"72";"Sem vítima";"374,170";"BR-153/GO";"Decrescente";"Engavetamento";0;0;1;0;0;2;0;0;0;2;5;0;0;0;0
"06/06/2024";"10:09:00";"112";"Com vítima";"677,540";"BR-153/GO";"Crescente";"Queda de moto";0;0;0;1;0;0;0;0;0;0;0;1;0;0;0
"06/06/2024";"10:35:00";"116";"Com vítima";"649,000";"BR-153/GO";"Decrescente";"Capotamento";1;0;0;0;0;0;0;0;0;0;0;1;0;0;0
"06/06/2024";"03:38:00";"188";"Com vítima";"307,000";"BR-153/GO";"Decrescente";"Saída de pista";0;0;1;0;0;0;0;0;0;0;0;0;1;0;0
"06/06/2024";"04:17:00";"192";"Com vítima";"141,800";"BR-153/GO";"Decrescente";"Atropelamento de ciclista";0;0;0;0;0;1;0;0;0;0;1;0;0;0;0
"06/06/2024";"08:28:00";"219";"Sem vítima";"430,000";"BR-414/GO";"Crescente";"Saída de pista";0;0;0;0;0;0;0;0;0;1;2;0;0;0;0
"07/06/2024";"07:46:00";"80";"Sem vítima";"193,000";"BR-153/GO";"Decrescente";"Colisão traseira";1;0;0;0;0;0;0;0;0;1;3;0;0;0;0
"07/06/2024";"11:01:00";"112";"Com vítima";"439,000";"BR-414/GO";"Decrescente";"Colisão lateral no mesmo sentido";1;0;0;1;0;0;0;0;0;0;1;1;0;0;0
"07/06/2024";"12:13:00";"126";"Com vítima";"200,000";"BR-153/GO";"Decrescente";"Colisão transversal";0;0;0;1;0;0;0;0;0;1;1;0;1;0;0
"07/06/2024";"02:33:00";"159";"Com vítima";"172,000";"BR-153/GO";"Decrescente";"Queda de moto";0;0;0;1;0;0;0;0;0;0;0;0;2;0;0
"07/06/2024";"03:28:00";"170";"Com vítima";"341,050";"BR-153/GO";"Decrescente";"Colisão frontal";2;0;0;0;0;0;0;0;0;0;0;0;0;5;2
"07/06/2024";"07:15:00";"201";"Sem vítima";"432,000";"BR-153/GO";"Crescente";"Colisão lateral no mesmo sentido";1;0;1;0;0;0;0;0;0;0;3;0;0;0;0
"08/06/2024";"09:24:00";"100";"Sem vítima";"380,500";"BR-153/GO";"Decrescente";"Colisão traseira";0;0;2;0;0;0;0;0;0;0;2;0;0;0;0
"08/06/2024";"11:45:00";"121";"Com vítima";"345,000";"BR-153/GO";"Decrescente";"Colisão traseira";0;0;0;0;0;2;0;0;0;1;2;2;1;0;0
"08/06/2024";"04:14:00";"179";"Sem vítima";"355,000";"BR-153/GO";"Crescente";"Saída de pista";1;0;0;0;0;0;0;0;0;0;2;0;0;0;0
"08/06/2024";"04:15:00";"180";"Com vítima";"634,300";"BR-153/GO";"Crescente";"Tombamento";0;0;0;0;0;1;0;0;0;0;0;0;1;0;0
"09/06/2024";"02:16:00";"32";"Com vítima";"274,000";"BR-153/GO";"Crescente";"Colisão transversal";1;0;0;0;0;1;0;0;0;0;0;1;0;0;1
"09/06/2024";"02:33:00";"144";"Com vítima";"390,500";"BR-153/GO";"Crescente";"Colisão transversal";0;0;0;1;0;0;0;0;0;1;1;1;0;1;0
"09/06/2024";"02:52:00";"146";"Com vítima";"160,000";"BR-80/GO";"Decrescente";"Tombamento";1;0;0;0;0;1;0;0;0;0;1;1;0;0;0
"09/06/2024";"06:15:00";"179";"Com vítima";"321,000";"BR-153/GO";"Decrescente";"Saída de pista";1;0;0;0;0;0;0;0;0;0;0;0;1;0;0
"09/06/2024";"06:32:00";"183";"Com vítima";"357,682";"BR-414/GO";"Crescente";"Tombamento";0;0;0;0;0;1;0;0;0;0;0;0;0;2;1
"09/06/2024";"08:57:00";"193";"Sem vítima";"333,000";"BR-153/GO";"Decrescente";"Saída de pista";1;0;0;0;0;0;0;0;0;0;2;0;0;0;0
"10/06/2024";"04:47:00";"44";"Sem vítima";"437,000";"BR-153/GO";"Crescente";"Colisão lateral no mesmo sentido";1;0;0;0;0;1;0;0;0;0;2;0;0;0;0
"10/06/2024";"11:06:00";"98";"Sem vítima";"298,000";"BR-153/GO";"Decrescente";"Colisão lateral no mesmo sentido";1;0;0;0;0;1;0;0;0;0;2;0;0;0;0
"10/06/2024";"11:37:00";"104";"Sem vítima";"437,000";"BR-153/GO";"Decrescente";"Colisão lateral no mesmo sentido";1;0;0;0;0;1;0;0;0;0;2;0;0;0;0
"11/06/2024";"01:16:00";"138";"Sem vítima";"284,000";"BR-153/GO";"Decrescente";"Colisão traseira";1;0;0;0;0;1;0;0;0;1;5;0;0;0;0
"11/06/2024";"04:01:00";"160";"Com vítima";"375,000";"BR-414/GO";"Decrescente";"Saída de pista";1;0;0;0;0;0;0;0;0;0;0;1;0;0;0
"11/06/2024";"04:13:00";"162";"Com vítima";"420,000";"BR-414/GO";"Crescente";"Saída de pista";1;0;0;0;0;0;0;0;0;0;0;0;0;0;1
"11/06/2024";"05:24:00";"175";"Com vítima";"442,000";"BR-153/GO";"Decrescente";"Capotamento";1;0;0;0;0;0;0;0;0;1;0;4;0;0;0
"12/06/2024";"11:09:00";"105";"Com vítima";"137,750";"BR-80/GO";"Crescente";"Colisão frontal";1;0;0;0;0;1;0;0;0;0;0;1;0;0;3
"12/06/2024";"02:00:00";"128";"Sem vítima";"367,000";"BR-414/GO";"Decrescente";"Saída de pista";0;0;1;0;0;0;0;0;0;0;4;0;0;0;0
"12/06/2024";"09:02:00";"1";"Com vítima";"190,500";"BR-153/GO";"Decrescente";"Colisão lateral em sentido contrário";1;0;0;0;2;0;0;0;0;0;30;0;0;2;0
"13/06/2024";"05:01:00";"42";"Sem vítima";"392,000";"BR-414/GO";"Decrescente";"Colisão traseira";0;0;0;0;0;2;0;0;0;0;2;0;0;0;0
"13/06/2024";"06:58:00";"62";"Sem vítima";"65,000";"BR-153/GO";"Decrescente";"Colisão traseira";0;0;1;0;0;1;0;0;0;0;2;0;0;0;0
"13/06/2024";"03:20:00";"151";"Com vítima";"439,000";"BR-414/GO";"Decrescente";"Atropelamento de ciclista";0;1;0;0;0;1;0;0;0;0;1;0;0;0;0
"14/06/2024";"04:03:00";"37";"Sem vítima";"416,000";"BR-414/GO";"Decrescente";"Engavetamento";2;0;0;0;0;0;0;0;0;2;4;0;0;0;0
"14/06/2024";"04:23:00";"44";"Sem vítima";"96,000";"BR-80/GO";"Crescente";"Saída de pista";1;0;0;0;0;0;0;0;0;0;1;0;0;0;0
"14/06/2024";"10:38:00";"114";"Sem vítima";"410,000";"BR-414/GO";"Decrescente";"Colisão transversal";1;0;0;0;0;1;0;0;0;0;3;0;0;0;0
"14/06/2024";"04:53:00";"179";"Com vítima";"756,000";"BR-153/GO";"Crescente";"Atropelamento de animal";0;0;0;0;0;0;0;0;0;1;1;0;0;0;0
"14/06/2024";"05:50:00";"188";"Com vítima";"356,000";"BR-153/GO";"Decrescente";"Colisão transversal";1;0;1;0;0;0;0;0;0;0;1;0;1;1;0
"15/06/2024";"02:07:00";"25";"Sem vítima";"165,000";"BR-153/GO";"Decrescente";"Queda de moto";0;0;0;1;0;0;0;0;0;0;1;0;0;0;0
"15/06/2024";"04:34:00";"37";"Sem vítima";"300,000";"BR-153/GO";"Decrescente";"Colisão transversal";0;0;0;0;0;0;0;0;0;2;5;0;0;0;0
"15/06/2024";"07:56:00";"200";"Sem vítima";"745,000";"BR-153/GO";"Crescente";"Engavetamento";0;0;2;0;0;0;0;0;0;1;5;0;0;0;0
"15/06/2024";"10:23:00";"5";"Sem vítima";"664,000";"BR-153/GO";"Crescente";"Colisão traseira";1;0;1;0;0;0;0;0;0;0;3;0;0;0;0
"16/06/2024";"04:13:00";"40";"Com vítima";"439,000";"BR-153/GO";"Decrescente";"Colisão traseira";2;0;0;0;0;0;0;0;0;0;6;1;0;0;0
"16/06/2024";"05:02:00";"51";"Com vítima";"645,500";"BR-153/GO";"Decrescente";"Tombamento";0;0;0;0;0;2;0;0;0;0;1;1;0;0;0
"16/06/2024";"10:32:00";"92";"Com vítima";"300,000";"BR-414/GO";"Crescente";"Queda de moto";0;0;0;1;0;0;0;0;0;0;1;1;0;0;0
"16/06/2024";"12:34:00";"125";"Com vítima";"434,100";"BR-153/GO";"Decrescente";"Colisão lateral no mesmo sentido";0;0;0;1;0;0;0;0;0;0;0;1;0;0;0
"16/06/2024";"02:10:00";"147";"Sem vítima";"342,000";"BR-153/GO";"Crescente";"Engavetamento";0;0;3;0;0;1;0;0;0;0;4;0;0;0;0
"16/06/2024";"04:14:00";"169";"Sem vítima";"723,000";"BR-153/GO";"Decrescente";"Colisão traseira";0;0;2;0;0;0;0;0;0;0;2;0;0;0;0
"16/06/2024";"04:50:00";"175";"Com vítima";"212,000";"BR-153/GO";"Crescente";"Colisão traseira";1;0;0;0;0;1;0;0;0;0;1;1;0;0;0
"17/06/2024";"12:49:00";"153";"Com vítima";"725,700";"BR-153/GO";"Decrescente";"Colisão traseira";0;0;1;0;0;1;0;0;0;0;2;0;1;0;0
"17/06/2024";"04:36:00";"192";"Sem vítima";"676,000";"BR-153/GO";"Decrescente";"Saída de pista";1;0;0;0;0;0;0;0;0;0;1;0;0;0;0
"17/06/2024";"05:07:00";"197";"Com vítima";"372,900";"BR-414/GO";"Decrescente";"Atropelamento de ciclista";1;1;0;0;0;0;0;0;0;0;1;0;0;0;0
"18/06/2024";"07:22:00";"66";"Com vítima";"400,990";"BR-153/GO";"Decrescente";"Colisão frontal";1;0;0;1;0;1;0;0;0;0;5;0;0;0;1
"18/06/2024";"07:44:00";"72";"Sem vítima";"353,000";"BR-153/GO";"Crescente";"Saída de pista";1;0;0;0;0;0;0;0;0;0;1;0;0;0;0
"18/06/2024";"02:24:00";"139";"Com vítima";"437,000";"BR-153/GO";"Decrescente";"Colisão lateral em sentido contrário";1;1;0;0;0;0;0;0;0;0;0;1;0;0;0
"18/06/2024";"03:28:00";"153";"Sem vítima";"377,300";"BR-153/GO";"Crescente";"Saída de pista";1;0;0;0;0;0;0;0;0;0;1;0;0;0;0
"18/06/2024";"03:54:00";"160";"Sem vítima";"197,000";"BR-153/GO";"Crescente";"Colisão lateral no mesmo sentido";1;0;0;0;0;0;0;0;0;1;6;0;0;0;0
"18/06/2024";"04:02:00";"162";"Sem vítima";"164,000";"BR-153/GO";"Decrescente";"Colisão lateral no mesmo sentido";1;0;0;0;0;1;0;0;0;0;2;0;0;0;0