data;horario;n_da_ocorrencia;tipo_de_ocorrencia;km;trecho;sentido;tipo_de_acidente;automovel;bicicleta;caminhao;moto;onibus;outros;tracao_animal;transporte_de_cargas_especiais;trator_maquinas;utilitarios;ilesos;levemente_feridos;moderadamente_feridos;gravemente_feridos;mortos
"19/06/2024";"08:21:00";"99";"Sem vítima";"114,000";"BR-153/GO";"Decrescente";"Tombamento";0;0;0;0;0;1;0;0;0;0;1;0;0;0;0
"20/06/2024";"02:45:00";"146";"Sem vítima";"428,000";"BR-153/GO";"Crescente";"Colisão frontal";1;0;1;0;0;0;0;0;0;0;9;0;0;0;0
"21/06/2024";"01:10:00";"171";"Sem vítima";"393,000";"BR-414/GO";"Decrescente";"Colisão transversal";2;0;0;0;0;0;0;0;0;0;2;0;0;0;0
"21/06/2024";"11:26:00";"17";"Sem vítima";"396,900";"BR-414/GO";"Crescente";"Saída de pista";1;0;0;0;0;0;0;0;0;0;1;0;0;0;0
"22/06/2024";"01:49:00";"32";"Com vítima";"723,000";"BR-153/GO";"Decrescente";"Colisão traseira";0;0;0;2;0;0;0;0;0;0;3;1;0;0;0
"22/06/2024";"04:17:00";"44";"Sem vítima";"262,800";"BR-153/GO";"Crescente";"Colisão transversal";0;0;0;0;0;1;0;0;0;2;5;0;0;0;0
"22/06/2024";"12:33:00";"130";"Com vítima";"338,000";"BR-414/GO";"Decrescente";"Colisão traseira";1;0;0;0;0;1;0;0;0;0;1;1;1;0;0
"22/06/2024";"04:46:00";"172";"Sem vítima";"106,000";"BR-80/GO";"Crescente";"Atropelamento de animal";1;0;0;0;0;0;0;0;0;0;4;0;0;0;0
"22/06/2024";"06:04:00";"184";"Com vítima";"379,500";"BR-414/GO";"Decrescente";"Atropelamento de animal";1;0;0;0;0;0;0;0;0;0;2;0;0;0;0
"22/06/2024";"06:17:00";"188";"Sem vítima";"401,000";"BR-153/GO";"Decrescente";"Colisão transversal";1;0;1;0;0;0;0;0;0;0;2;0;0;0;0
"22/06/2024";"10:32:00";"4";"Sem vítima";"184,500";"BR-153/GO";"Crescente";"Choque";1;0;0;0;0;0;0;0;0;0;3;0;0;0;0
"23/06/2024";"01:22:00";"23";"Com vítima";"441,000";"BR-153/GO";"Crescente";"Choque";1;0;0;0;0;0;0;0;0;0;0;0;1;0;0
"23/06/2024";"03:50:00";"48";"Com vítima";"361,500";"BR-153/GO";"Decrescente";"Colisão lateral no mesmo sentido";0;0;0;1;0;0;0;0;0;1;2;2;0;0;0
"23/06/2024";"04:37:00";"52";"Sem vítima";"665,000";"BR-153/GO";"Decrescente";"Colisão traseira";2;0;0;0;0;0;0;0;0;0;2;0;0;0;0
"23/06/2024";"12:38:00";"120";"Sem vítima";"356,000";"BR-153/GO";"Crescente";"Colisão transversal";2;0;0;0;0;0;0;0;0;0;3;0;0;0;0
"23/06/2024";"03:39:00";"155";"Sem vítima";"402,000";"BR-414/GO";"Decrescente";"Saída de pista";1;0;0;0;0;0;0;0;0;0;2;0;0;0;0
"23/06/2024";"06:35:00";"178";"Com vítima";"30,900";"BR-153/GO";"Decrescente";"Saída de pista";0;0;0;0;0;1;0;0;0;0;0;1;0;0;0
"24/06/2024";"05:44:00";"39";"Com vítima";"284,700";"BR-153/GO";"Decrescente";"Queda de moto";0;0;0;1;0;0;0;0;0;0;0;1;0;0;0
"24/06/2024";"05:55:00";"43";"Com vítima";"157,000";"BR-153/GO";"Decrescente";"Colisão frontal";1;0;0;0;0;0;0;0;0;0;1;0;0;0;0
"24/06/2024";"02:35:00";"132";"Sem vítima";"440,000";"BR-414/GO";"Decrescente";"Colisão lateral no mesmo sentido";1;0;0;1;0;0;0;0;0;0;2;0;0;0;0
"24/06/2024";"08:25:00";"171";"Sem vítima";"50,000";"BR-153/GO";"Crescente";"Saída de pista";0;0;1;0;0;0;0;0;0;0;1;0;0;0;0
"25/06/2024";"04:03:00";"163";"Com vítima";"203,000";"BR-153/GO";"Decrescente";"Atropelamento de animal";1;0;0;0;0;0;0;0;0;0;0;2;0;0;0
"26/06/2024";"02:54:00";"27";"Com vítima";"132,040";"BR-80/GO";"Decrescente";"Capotamento";1;0;0;0;0;0;0;0;0;0;1;3;0;0;0
"26/06/2024";"12:49:00";"135";"Sem vítima";"627,509";"BR-153/GO";"Crescente";"Saída de pista";0;0;0;0;0;0;0;0;0;1;1;0;0;0;0
"26/06/2024";"04:44:00";"179";"Com vítima";"310,000";"BR-153/GO";"Decrescente";"Atropelamento de animal";1;0;0;0;0;0;0;0;0;0;3;0;0;0;0
"26/06/2024";"05:29:00";"186";"Com vítima";"423,000";"BR-153/GO";"Crescente";"Atropelamento de animal";1;0;0;0;0;0;0;0;0;0;1;0;0;0;0
"27/06/2024";"12:59:00";"20";"Com vítima";"317,900";"BR-153/GO";"Decrescente";"Queda de moto";0;0;0;1;0;0;0;0;0;0;0;1;0;0;0
"27/06/2024";"06:26:00";"84";"Sem vítima";"677,000";"BR-153/GO";"Decrescente";"Saída de pista";1;0;0;0;0;0;0;0;0;0;1;0;0;0;0
"27/06/2024";"10:27:00";"11";"Com vítima";"770,700";"BR-153/GO";"Crescente";"Colisão frontal";1;0;1;0;0;0;0;0;0;0;1;0;1;0;0
"28/06/2024";"08:15:00";"94";"Sem vítima";"366,100";"BR-153/GO";"Crescente";"Colisão traseira";1;0;0;0;0;0;0;0;0;1;3;0;0;0;0
"28/06/2024";"10:10:00";"114";"Sem vítima";"393,000";"BR-414/GO";"Decrescente";"Colisão lateral no mesmo sentido";0;0;1;0;0;1;0;0;0;0;2;0;0;0;0
"29/06/2024";"12:23:00";"10";"Sem vítima";"58,000";"BR-153/GO";"Crescente";"Saída de pista";0;0;0;0;0;1;0;0;0;0;1;0;0;0;0
"29/06/2024";"06:30:00";"80";"Sem vítima";"12,000";"BR-153/GO";"Crescente";"Engavetamento";2;0;0;0;0;1;0;0;0;0;6;0;0;0;0
"29/06/2024";"06:32:00";"81";"Com vítima";"625,000";"BR-153/GO";"Decrescente";"Colisão traseira";0;0;2;0;0;0;0;0;0;0;1;1;0;0;0
"29/06/2024";"07:02:00";"85";"Com vítima";"227,500";"BR-153/GO";"Crescente";"Colisão transversal";2;0;0;0;0;0;0;0;0;0;0;6;1;1;0
"29/06/2024";"08:54:00";"106";"Com vítima";"295,500";"BR-153/GO";"Decrescente";"Queda de moto";0;0;0;1;0;0;0;0;0;0;0;0;2;0;0
"29/06/2024";"09:08:00";"109";"Sem vítima";"671,000";"BR-153/GO";"Decrescente";"Colisão lateral no mesmo sentido";1;0;1;0;0;0;0;0;0;0;3;0;0;0;0
"29/06/2024";"12:39:00";"146";"Sem vítima";"440,000";"BR-414/GO";"Crescente";"Colisão traseira";1;0;0;0;0;1;0;0;0;0;2;0;0;0;0
"30/06/2024";"05:22:00";"53";"Sem vítima";"208,000";"BR-153/GO";"Crescente";"Colisão traseira";0;0;0;0;0;1;0;0;0;1;5;0;0;0;0
"30/06/2024";"08:03:00";"75";"Sem vítima";"12,500";"BR-153/GO";"Crescente";"Colisão traseira";1;0;0;0;0;1;0;0;0;0;7;0;0;0;0
"30/06/2024";"02:28:00";"159";"Sem vítima";"130,000";"BR-153/GO";"Decrescente";"Engavetamento";1;0;0;1;0;0;0;0;0;1;8;0;0;0;0
"30/06/2024";"03:12:00";"169";"Sem vítima";"722,000";"BR-153/GO";"Crescente";"Colisão transversal";2;0;0;0;0;0;0;0;0;0;4;0;0;0;0
"30/06/2024";"04:13:00";"180";"Sem vítima";"377,200";"BR-414/GO";"Crescente";"Saída de pista";1;0;0;0;0;0;0;0;0;0;1;0;0;0;0
"01/07/2024";"06:39:00";"93";"Com vítima";"147,900";"BR-153/GO";"Decrescente";"Queda de moto";0;0;0;1;0;0;0;0;0;0;0;1;0;0;0
"01/07/2024";"10:57:00";"140";"Com vítima";"99,000";"BR-153/GO";"Crescente";"Saída de pista";1;0;0;0;0;0;0;0;0;0;0;0;1;0;0
"02/07/2024";"03:42:00";"22";"Sem vítima";"419,000";"BR-414/GO";"Decrescente";"Saída de pista";0;0;1;0;0;0;0;0;0;0;2;0;0;0;0
"02/07/2024";"09:26:00";"81";"Sem vítima";"212,000";"BR-153/GO";"Decrescente";"Colisão traseira";1;0;1;0;0;0;0;0;0;0;2;0;0;0;0
"02/07/2024";"12:30:00";"110";"Sem vítima";"433,000";"BR-153/GO";"Decrescente";"Saída de pista";1;0;0;0;0;0;0;0;0;0;1;0;0;0;0
"02/07/2024";"06:26:00";"162";"Com vítima";"790,600";"BR-153/GO";"Crescente";"Colisão lateral em sentido contrário";1;0;0;0;0;1;0;0;0;0;0;5;0;0;0
"03/07/2024";"09:11:00";"114";"Com vítima";"283,000";"BR-153/GO";"Decrescente";"Colisão traseira";1;0;0;1;0;0;0;0;0;0;1;1;0;0;0
"03/07/2024";"11:23:00";"134";"Sem vítima";"204,000";"BR-153/GO";"Crescente";"Desatrelamento";1;0;0;0;0;0;0;0;0;0;1;0;0;0;0
"03/07/2024";"06:53:00";"192";"Com vítima";"96,100";"BR-153/GO";"Crescente";"Colisão frontal";0;0;0;1;0;1;0;0;0;0;0;0;1;0;1
"04/07/2024";"05:14:00";"72";"Sem vítima";"346,000";"BR-153/GO";"Decrescente";"Colisão lateral em sentido contrário";0;0;2;0;0;1;0;0;0;0;3;0;0;0;0
"04/07/2024";"06:11:00";"84";"Sem vítima";"127,000";"BR-153/GO";"Decrescente";"Colisão traseira";2;0;0;0;0;0;0;0;0;0;5;0;0;0;0
"04/07/2024";"07:50:00";"107";"Com vítima";"761,000";"BR-153/GO";"Decrescente";"Tombamento";0;0;1;0;0;0;0;0;0;0;0;1;0;0;0
"04/07/2024";"11:47:00";"146";"Sem vítima";"252,000";"BR-153/GO";"Decrescente";"Colisão traseira";2;0;0;0;0;1;0;0;0;0;6;0;0;0;0
"04/07/2024";"05:29:00";"205";"Com vítima";"85,500";"BR-153/GO";"Decrescente";"Saída de pista";0;0;0;0;0;1;0;0;0;1;1;0;1;0;0
"05/07/2024";"06:31:00";"81";"Sem vítima";"192,000";"BR-153/GO";"Crescente";"Colisão traseira";2;0;0;0;0;0;0;0;0;0;4;0;0;0;0
"05/07/2024";"06:59:00";"87";"Sem vítima";"303,000";"BR-153/GO";"Decrescente";"Colisão transversal";1;0;0;0;0;1;0;0;0;0;2;0;0;0;0
"05/07/2024";"10:27:00";"126";"Sem vítima";"138,000";"BR-80/GO";"Crescente";"Saída de pista";1;0;0;0;0;0;0;0;0;0;1;0;0;0;0
"05/07/2024";"12:11:00";"153";"Com vítima";"430,000";"BR-153/GO";"Crescente";"Colisão traseira";0;0;1;1;0;0;0;0;0;0;0;1;2;0;0
"05/07/2024";"12:39:00";"160";"Sem vítima";"623,000";"BR-153/GO";"Decrescente";"Colisão lateral no mesmo sentido";1;0;0;0;0;1;0;0;0;0;2;0;0;0;0
"05/07/2024";"04:18:00";"204";"Sem vítima";"277,500";"BR-153/GO";"Crescente";"Colisão lateral em sentido contrário";2;0;0;0;0;0;0;0;0;0;7;0;0;0;0
"06/07/2024";"12:18:00";"18";"Com vítima";"273,000";"BR-153/GO";"Crescente";"Saída de pista";1;0;0;0;0;0;0;0;0;0;0;4;0;0;0
"06/07/2024";"10:17:00";"117";"Com vítima";"239,000";"BR-153/GO";"Decrescente";"Queda de moto";0;0;0;1;0;0;0;0;0;0;1;1;0;0;0
"06/07/2024";"03:19:00";"185";"Sem vítima";"367,000";"BR-153/GO";"Decrescente";"Colisão traseira";2;0;0;0;0;0;0;0;0;0;2;0;0;0;0
"06/07/2024";"08:42:00";"226";"Com vítima";"410,500";"BR-414/GO";"Crescente";"Queda de moto";0;0;0;1;0;0;0;0;0;0;0;0;0;0;1
"06/07/2024";"10:48:00";"13";"Com vítima";"674,650";"BR-153/GO";"Crescente";"Choque";0;0;0;1;0;0;0;0;0;0;0;2;0;0;0
"06/07/2024";"11:49:00";"19";"Sem vítima";"673,400";"BR-153/GO";"Crescente";"Choque";0;0;0;1;0;0;0;0;0;0;1;0;0;0;0
"07/07/2024";"09:57:00";"112";"Sem vítima";"94,000";"BR-153/GO";"Crescente";"Saída de pista";1;0;0;0;0;1;0;0;0;0;2;0;0;0;0
"07/07/2024";"11:53:00";"131";"Com vítima";"198,300";"BR-153/GO";"Decrescente";"Colisão traseira";2;0;0;0;0;1;0;0;0;0;3;2;1;0;0
"07/07/2024";"01:30:00";"156";"Sem vítima";"193,000";"BR-153/GO";"Decrescente";"Colisão traseira";2;0;0;0;0;0;0;0;0;0;5;0;0;0;0
"07/07/2024";"02:40:00";"166";"Sem vítima";"426,000";"BR-414/GO";"Decrescente";"Colisão traseira";1;0;0;0;0;1;0;0;0;0;10;0;0;0;0
"07/07/2024";"06:23:00";"204";"Com vítima";"790,000";"BR-153/GO";"Crescente";"Colisão traseira";0;0;0;1;0;0;0;0;0;0;0;0;1;0;0
"08/07/2024";"05:21:00";"65";"Sem vítima";"671,000";"BR-153/GO";"Crescente";"Saída de pista";1;0;0;0;0;0;0;0;0;0;1;0;0;0;0
"08/07/2024";"09:37:00";"123";"Com vítima";"29,000";"BR-153/GO";"Decrescente";"Colisão frontal";1;0;1;0;0;0;0;0;0;0;1;0;1;0;0
"09/07/2024";"12:33:00";"154";"Sem vítima";"399,000";"BR-414/GO";"Decrescente";"Colisão frontal";1;0;0;0;0;0;0;0;0;0;3;0;0;0;0
"09/07/2024";"12:37:00";"155";"Com vítima";"354,000";"BR-153/GO";"Crescente";"Saída de pista";1;0;0;0;0;0;0;0;0;0;0;1;0;0;0
"09/07/2024";"03:57:00";"202";"Sem vítima";"316,000";"BR-414/GO";"Decrescente";"Saída de pista";1;0;0;0;0;0;0;0;0;0;1;0;0;0;0
"09/07/2024";"11:11:00";"15";"Sem vítima";"673,200";"BR-153/GO";"Crescente";"Choque";1;0;0;0;0;0;0;0;0;0;1;0;0;0;0
"10/07/2024";"02:12:00";"25";"Com vítima";"337,100";"BR-153/GO";"Crescente";"Colisão lateral em sentido contrário";1;0;1;0;0;0;0;0;0;0;1;0;1;0;0
"10/07/2024";"06:16:00";"58";"Sem vítima";"134,000";"BR-80/GO";"Decrescente";"Colisão traseira";1;0;1;0;0;0;0;0;0;0;2;0;0;0;0
"10/07/2024";"10:20:00";"123";"Com vítima";"789,000";"BR-153/GO";"Crescente";"Colisão lateral em sentido contrário";1;0;0;0;0;1;0;0;0;1;2;0;2;0;0
"10/07/2024";"02:17:00";"165";"Sem vítima";"314,000";"BR-153/GO";"Crescente";"Saída de pista";0;0;0;0;0;0;0;0;0;1;1;0;0;0;0
"10/07/2024";"04:35:00";"187";"Com vítima";"326,300";"BR-414/GO";"Crescente";"Atropelamento de animal";1;0;0;0;0;0;0;0;0;0;5;0;0;0;0
"11/07/2024";"01:08:00";"20";"Sem vítima";"155,000";"BR-153/GO";"Decrescente";"Colisão lateral em sentido contrário";1;0;0;0;1;0;0;0;0;1;17;0;0;0;0
"11/07/2024";"03:37:00";"31";"Com vítima";"428,000";"BR-414/GO";"Crescente";"Colisão lateral no mesmo sentido";1;0;0;2;0;0;0;0;0;0;2;0;1;0;0
"11/07/2024";"05:34:00";"48";"Sem vítima";"623,000";"BR-153/GO";"Decrescente";"Colisão lateral no mesmo sentido";1;0;1;0;0;0;0;0;0;0;2;0;0;0;0
"11/07/2024";"11:08:00";"126";"Sem vítima";"284,000";"BR-153/GO";"Decrescente";"Saída de pista";1;0;0;0;0;0;0;0;0;0;1;0;0;0;0
"12/07/2024";"07:08:00";"82";"Com vítima";"358,000";"BR-153/GO";"Decrescente";"Colisão traseira";1;0;0;1;0;0;0;0;0;0;2;2;0;0;0
"12/07/2024";"11:27:00";"125";"Sem vítima";"381,000";"BR-153/GO";"Decrescente";"Colisão traseira";1;0;0;0;0;1;0;0;0;0;2;0;0;0;0
"12/07/2024";"12:14:00";"133";"Com vítima";"629,000";"BR-153/GO";"Decrescente";"Colisão traseira";0;0;0;0;0;2;0;0;0;0;0;1;0;1;0
"12/07/2024";"08:01:00";"211";"Sem vítima";"628,803";"BR-153/GO";"Crescente";"Colisão traseira";1;0;0;0;0;1;0;0;0;0;2;0;0;0;0
"12/07/2024";"08:56:00";"219";"Sem vítima";"418,000";"BR-153/GO";"Crescente";"Colisão traseira";0;0;1;0;0;0;0;0;0;0;2;0;0;0;0
"13/07/2024";"12:04:00";"21";"Sem vítima";"673,000";"BR-153/GO";"Crescente";"Capotamento";1;0;0;0;0;0;0;0;0;0;1;0;0;0;0
"13/07/2024";"03:05:00";"36";"Sem vítima";"191,000";"BR-153/GO";"Crescente";"Colisão traseira";1;0;0;0;0;1;0;0;0;0;4;0;0;0;0
"13/07/2024";"03:19:00";"38";"Sem vítima";"73,000";"BR-153/GO";"Decrescente";"Colisão traseira";1;0;0;0;0;1;0;0;0;0;4;0;0;0;0
"13/07/2024";"10:27:00";"136";"Sem vítima";"769,000";"BR-153/GO";"Decrescente";"Tombamento";0;0;0;0;0;1;0;0;0;0;2;0;0;0;0
"13/07/2024";"12:16:00";"158";"Com vítima";"440,000";"BR-153/GO";"Decrescente";"Colisão traseira";1;0;0;1;0;1;0;0;0;0;3;1;0;0;0
"13/07/2024";"08:12:00";"245";"Com vítima";"316,000";"BR-153/GO";"Decrescente";"Colisão lateral no mesmo sentido";1;0;0;0;0;0;0;0;0;1;4;0;1;0;0
"13/07/2024";"09:04:00";"2";"Sem vítima";"211,000";"BR-153/GO";"Decrescente";"Colisão lateral em sentido contrário";1;0;0;0;0;1;0;0;0;0;4;0;0;0;0
"13/07/2024";"10:22:00";"7";"Com vítima";"758,000";"BR-153/GO";"Decrescente";"Atropelamento de pedestre";0;0;0;0;0;1;0;0;0;0;1;0;1;0;0
"14/07/2024";"12:27:00";"18";"Sem vítima";"132,000";"BR-80/GO";"Decrescente";"Saída de pista";1;0;0;0;0;0;0;0;0;0;1;0;0;0;0
"14/07/2024";"11:08:00";"121";"Com vítima";"58,000";"BR-153/GO";"Decrescente";"Colisão lateral no mesmo sentido";1;0;0;0;0;1;0;0;0;0;1;4;0;0;0
"14/07/2024";"12:02:00";"135";"Com vítima";"653,000";"BR-153/GO";"Decrescente";"Colisão frontal";0;0;1;0;0;0;0;0;0;1;0;2;1;1;0
"15/07/2024";"07:07:00";"71";"Sem vítima";"113,000";"BR-153/GO";"Decrescente";"Saída de pista";1;0;0;0;0;0;0;0;0;0;1;0;0;0;0
"15/07/2024";"12:14:00";"121";"Sem vítima";"331,500";"BR-153/GO";"Decrescente";"Saída de pista";1;0;0;0;0;0;0;0;0;0;5;0;0;0;0
"15/07/2024";"01:56:00";"143";"Sem vítima";"303,000";"BR-153/GO";"Decrescente";"Colisão transversal";2;0;0;0;0;0;0;0;0;0;5;0;0;0;0
"16/07/2024";"01:26:00";"21";"Com vítima";"69,500";"BR-153/GO";"Decrescente";"Choque";0;0;0;0;0;0;0;0;0;1;0;0;1;0;0
"16/07/2024";"03:27:00";"32";"Sem vítima";"175,000";"BR-153/GO";"Crescente";"Colisão transversal";2;0;0;0;0;0;0;0;0;0;4;0;0;0;0
"16/07/2024";"06:05:00";"70";"Sem vítima";"433,800";"BR-153/GO";"Crescente";"Saída de pista";1;0;0;0;0;0;0;0;0;0;1;0;0;0;0
"16/07/2024";"08:13:00";"98";"Sem vítima";"203,000";"BR-153/GO";"Crescente";"Colisão traseira";3;0;0;0;0;0;0;0;0;0;6;0;0;0;0
"16/07/2024";"03:53:00";"197";"Com vítima";"360,200";"BR-153/GO";"Decrescente";"Colisão transversal";2;0;0;0;0;0;0;0;0;0;1;1;2;0;0
"17/07/2024";"07:37:00";"92";"Sem vítima";"381,100";"BR-153/GO";"Decrescente";"Choque";0;0;0;0;0;0;0;0;0;2;5;0;0;0;0
"17/07/2024";"10:09:00";"119";"Sem vítima";"666,000";"BR-153/GO";"Crescente";"Saída de pista";0;0;0;0;1;0;0;0;0;0;1;0;0;0;0
"17/07/2024";"01:24:00";"155";"Sem vítima";"676,600";"BR-153/GO";"Decrescente";"Saída de pista";0;0;1;0;0;0;0;0;0;0;2;0;0;0;0
"18/07/2024";"02:41:00";"25";"Com vítima";"387,000";"BR-414/GO";"Crescente";"Tombamento";1;0;0;0;0;0;0;0;0;0;0;1;0;0;0
"18/07/2024";"03:30:00";"33";"Sem vítima";"371,000";"BR-153/GO";"Decrescente";"Atropelamento de animal";1;0;0;0;0;0;0;0;0;0;1;0;0;0;0
"18/07/2024";"04:26:00";"48";"Sem vítima";"629,000";"BR-153/GO";"Decrescente";"Colisão traseira";1;0;0;0;0;0;0;0;0;0;2;0;0;0;0
"18/07/2024";"01:18:00";"160";"Com vítima";"433,900";"BR-414/GO";"Crescente";"Colisão traseira";2;0;0;0;0;0;0;0;0;0;1;3;0;0;0
"18/07/2024";"01:55:00";"167";"Sem vítima";"632,000";"BR-153/GO";"Decrescente";"Colisão traseira";1;0;0;0;0;0;0;0;0;0;1;0;0;0;0
"18/07/2024";"02:01:00";"169";"Sem vítima";"356,000";"BR-153/GO";"Decrescente";"Colisão transversal";1;0;0;0;0;1;0;0;0;0;2;0;0;0;0
"19/07/2024";"06:25:00";"94";"Com vítima";"118,000";"BR-153/GO";"Decrescente";"Colisão traseira";0;0;1;1;0;0;0;0;0;0;2;1;0;0;0
"19/07/2024";"07:05:00";"108";"Sem vítima";"146,000";"BR-80/GO";"Crescente";"Choque";0;0;0;0;0;1;0;0;0;0;1;0;0;0;0
"19/07/2024";"04:22:00";"216";"Sem vítima";"424,000";"BR-153/GO";"Decrescente";"Colisão transversal";0;0;1;0;0;1;0;0;0;0;2;0;0;0;0
"19/07/2024";"06:21:00";"240";"Com vítima";"437,000";"BR-153/GO";"Crescente";"Colisão traseira";0;0;0;1;0;1;0;0;0;0;1;0;0;1;0
"20/07/2024";"06:24:00";"77";"Com vítima";"433,000";"BR-414/GO";"Decrescente";"Colisão traseira";2;0;0;0;0;0;0;0;0;0;7;1;0;0;0
"20/07/2024";"11:43:00";"140";"Sem vítima";"27,000";"BR-153/GO";"Decrescente";"Saída de pista";1;0;0;0;0;0;0;0;0;0;3;0;0;0;0
"21/07/2024";"04:00:00";"41";"Sem vítima";"278,800";"BR-153/GO";"Decrescente";"Saída de pista";1;0;0;0;0;0;0;0;0;0;1;0;0;0;0
"21/07/2024";"04:34:00";"51";"Com vítima";"340,000";"BR-414/GO";"Decrescente";"Colisão transversal";1;0;0;0;0;0;0;0;0;1;1;0;1;0;0
"21/07/2024";"01:49:00";"149";"Sem vítima";"712,000";"BR-153/GO";"Crescente";"Colisão traseira";0;0;0;1;0;0;0;0;0;0;1;0;0;0;0
"22/07/2024";"03:05:00";"45";"Sem vítima";"177,000";"BR-153/GO";"Decrescente";"Atropelamento de animal";1;0;0;0;0;0;0;0;0;0;1;0;0;0;0
"22/07/2024";"07:21:00";"111";"Sem vítima";"75,000";"BR-153/GO";"Decrescente";"Colisão lateral em sentido contrário";0;0;0;0;0;0;0;0;0;1;3;0;0;0;0
"22/07/2024";"07:41:00";"117";"Com vítima";"356,000";"BR-414/GO";"Crescente";"Colisão frontal";1;0;0;0;0;1;0;0;0;0;0;2;2;0;0
"22/07/2024";"10:35:00";"149";"Com vítima";"123,000";"BR-153/GO";"Crescente";"Tombamento";0;0;1;0;0;0;0;0;0;0;0;1;0;0;0
"22/07/2024";"12:24:00";"168";"Com vítima";"434,000";"BR-153/GO";"Decrescente";"Queda de moto";0;0;0;1;0;0;0;0;0;0;0;1;0;0;0
"22/07/2024";"06:40:00";"226";"Sem vítima";"353,000";"BR-153/GO";"Crescente";"Colisão traseira";0;0;0;0;0;1;0;0;0;1;2;0;0;0;0
"23/07/2024";"07:11:00";"70";"Sem vítima";"85,000";"BR-153/GO";"Decrescente";"Colisão traseira";1;0;0;0;0;1;0;0;0;0;2;0;0;0;0
"23/07/2024";"07:55:00";"79";"Com vítima";"412,000";"BR-414/GO";"Decrescente";"Colisão traseira";0;0;0;0;0;2;0;0;0;0;2;1;0;0;0
"23/07/2024";"12:17:00";"136";"Sem vítima";"279,300";"BR-153/GO";"Decrescente";"Colisão traseira";1;0;0;0;0;1;0;0;0;0;2;0;0;0;0
"23/07/2024";"02:00:00";"160";"Sem vítima";"676,000";"BR-153/GO";"Decrescente";"Colisão lateral no mesmo sentido";1;0;0;0;0;1;0;0;0;0;2;0;0;0;0
"23/07/2024";"04:50:00";"183";"Com vítima";"22,800";"BR-153/GO";"Decrescente";"Saída de pista";1;0;0;0;0;0;0;0;0;1;0;3;1;0;0
"24/07/2024";"01:16:00";"22";"Com vítima";"649,500";"BR-153/GO";"Decrescente";"Atropelamento de animal";2;0;0;0;0;0;0;0;0;0;4;0;0;0;0
"24/07/2024";"03:15:00";"34";"Sem vítima";"641,000";"BR-153/GO";"Crescente";"Saída de pista";0;0;0;0;0;1;0;0;0;0;1;0;0;0;0
"24/07/2024";"03:40:00";"38";"Com vítima";"788,000";"BR-153/GO";"Decrescente";"Colisão lateral em sentido contrário";0;0;0;2;0;0;0;0;0;0;1;1;0;0;0
"24/07/2024";"11:12:00";"129";"Sem vítima";"349,000";"BR-153/GO";"Decrescente";"Atropelamento de animal";0;0;0;0;0;1;0;0;0;0;1;0;0;0;0
"24/07/2024";"03:45:00";"180";"Sem vítima";"644,500";"BR-153/GO";"Decrescente";"Colisão lateral no mesmo sentido";1;0;0;0;0;1;0;0;0;0;5;0;0;0;0
"24/07/2024";"10:39:00";"9";"Com vítima";"373,000";"BR-414/GO";"Decrescente";"Capotamento";1;0;0;0;0;0;0;0;0;0;0;0;1;1;0
"25/07/2024";"10:07:00";"114";"Sem vítima";"178,000";"BR-153/GO";"Decrescente";"Colisão lateral em sentido contrário";1;0;1;0;0;0;0;0;0;1;5;0;0;0;0