data;horario;n_da_ocorrencia;tipo_de_ocorrencia;km;trecho;sentido;tipo_de_acidente;automovel;bicicleta;caminhao;moto;onibus;outros;tracao_animal;transporte_de_cargas_especiais;trator_maquinas;utilitarios;ilesos;levemente_feridos;moderadamente_feridos;gravemente_feridos;mortos
"26/07/2024";"03:37:00";"45";"Com vítima";"295,600";"BR-153/GO";"Crescente";"Colisão transversal";2;0;0;0;0;0;0;0;0;0;2;7;0;0;0
"26/07/2024";"02:56:00";"171";"Sem vítima";"357,000";"BR-153/GO";"Decrescente";"Colisão traseira";2;0;0;0;0;0;0;0;0;0;8;0;0;0;0
"27/07/2024";"12:33:00";"16";"Com vítima";"210,195";"BR-153/GO";"Crescente";"Colisão traseira";0;0;1;0;1;0;0;0;0;0;1;0;1;0;0
"27/07/2024";"04:01:00";"44";"Sem vítima";"265,500";"BR-153/GO";"Decrescente";"Saída de pista";1;0;0;0;0;0;0;0;0;0;1;0;0;0;0
"27/07/2024";"04:25:00";"50";"Com vítima";"417,000";"BR-153/GO";"Crescente";"Choque";0;0;0;1;0;0;0;0;0;0;0;0;0;1;0
"27/07/2024";"04:56:00";"58";"Com vítima";"158,000";"BR-153/GO";"Crescente";"Colisão transversal";1;0;1;0;0;0;0;0;0;0;1;0;0;1;1
"27/07/2024";"09:21:00";"106";"Com vítima";"371,000";"BR-414/GO";"Decrescente";"Capotamento";1;0;0;0;0;0;0;0;0;0;1;1;0;0;0
"27/07/2024";"10:56:00";"127";"Com vítima";"432,500";"BR-153/GO";"Decrescente";"Queda de moto";0;0;0;1;0;0;0;0;0;0;1;1;0;0;0
"27/07/2024";"01:36:00";"173";"Sem vítima";"632,000";"BR-153/GO";"Decrescente";"Colisão traseira";1;0;1;0;0;0;0;0;0;0;2;0;0;0;0
"27/07/2024";"07:20:00";"235";"Com vítima";"199,000";"BR-153/GO";"Decrescente";"Atropelamento de animal";1;0;0;0;0;0;0;0;0;0;0;1;0;0;0
"28/07/2024";"01:24:00";"27";"Com vítima";"366,500";"BR-153/GO";"Decrescente";"Saída de pista";0;0;0;0;0;0;0;0;0;1;0;1;0;0;0
"28/07/2024";"03:19:00";"36";"Com vítima";"173,000";"BR-80/GO";"Decrescente";"Atropelamento de animal";1;0;0;0;0;0;0;0;0;0;3;0;0;0;0
"28/07/2024";"08:23:00";"97";"Sem vítima";"789,000";"BR-153/GO";"Crescente";"Colisão lateral no mesmo sentido";0;0;0;0;0;1;0;0;0;0;1;0;0;0;0
"28/07/2024";"08:47:00";"105";"Com vítima";"277,000";"BR-153/GO";"Decrescente";"Colisão traseira";2;0;0;0;0;0;0;0;0;0;2;3;0;0;0
"28/07/2024";"08:48:00";"107";"Sem vítima";"132,000";"BR-80/GO";"Decrescente";"Saída de pista";1;0;0;0;0;0;0;0;0;0;1;0;0;0;0
"28/07/2024";"10:10:00";"114";"Com vítima";"16,500";"BR-153/GO";"Decrescente";"Queda de moto";0;0;0;1;0;0;0;0;0;0;0;2;0;0;0
"28/07/2024";"12:03:00";"135";"Sem vítima";"117,000";"BR-153/GO";"Decrescente";"Colisão traseira";0;0;0;0;0;1;0;0;0;0;1;0;0;0;0
"28/07/2024";"03:32:00";"191";"Sem vítima";"367,000";"BR-153/GO";"Decrescente";"Engavetamento";5;0;0;0;0;0;0;0;0;0;14;0;0;0;0
"28/07/2024";"03:44:00";"195";"Com vítima";"406,000";"BR-414/GO";"Decrescente";"Atropelamento de animal";1;0;0;0;0;0;0;0;0;0;2;0;1;0;0
"28/07/2024";"03:52:00";"197";"Com vítima";"396,000";"BR-414/GO";"Crescente";"Capotamento";1;0;0;0;0;0;0;0;0;0;0;0;1;0;0
"28/07/2024";"04:17:00";"204";"Sem vítima";"681,000";"BR-153/GO";"Decrescente";"Atropelamento de animal";1;0;0;0;0;0;0;0;0;0;1;0;0;0;0
"28/07/2024";"06:32:00";"230";"Sem vítima";"413,000";"BR-153/GO";"Decrescente";"Atropelamento de animal";1;0;0;0;0;0;0;0;0;0;2;0;0;0;0
"28/07/2024";"09:04:00";"1";"Sem vítima";"276,600";"BR-153/GO";"Crescente";"Saída de pista";1;0;0;0;0;0;0;0;0;0;3;0;0;0;0
"29/07/2024";"01:33:00";"22";"Com vítima";"342,000";"BR-414/GO";"Crescente";"Atropelamento de animal";0;0;1;0;0;0;0;0;0;0;1;0;0;0;0
"29/07/2024";"04:05:00";"214";"Sem vítima";"647,400";"BR-153/GO";"Crescente";"Colisão lateral em sentido contrário";0;0;0;0;0;2;0;0;0;0;3;0;0;0;0
"29/07/2024";"06:13:00";"238";"Sem vítima";"411,000";"BR-153/GO";"Decrescente";"Atropelamento de animal";1;0;0;0;0;0;0;0;0;0;2;0;0;0;0
"30/07/2024";"08:27:00";"115";"Sem vítima";"129,000";"BR-153/GO";"Decrescente";"Colisão lateral em sentido contrário";0;0;0;0;0;1;0;0;0;1;5;0;0;0;0
"30/07/2024";"10:15:00";"130";"Sem vítima";"163,000";"BR-153/GO";"Crescente";"Colisão traseira";1;0;0;0;0;0;0;0;0;2;4;0;0;0;0
"31/07/2024";"05:06:00";"206";"Com vítima";"418,800";"BR-153/GO";"Crescente";"Queda de moto";1;0;0;0;0;0;0;0;0;0;0;1;0;0;0
"31/07/2024";"06:38:00";"223";"Sem vítima";"158,000";"BR-153/GO";"Decrescente";"Saída de pista";1;0;0;0;0;0;0;0;0;0;2;0;0;0;0
"31/07/2024";"06:53:00";"225";"Com vítima";"697,000";"BR-153/GO";"Decrescente";"Colisão traseira";1;0;0;1;0;0;0;0;0;0;1;0;1;0;0
"01/08/2024";"07:59:00";"96";"Sem vítima";"105,000";"BR-153/GO";"Decrescente";"Colisão lateral em sentido contrário";0;0;0;0;0;1;0;0;0;1;4;0;0;0;0
"01/08/2024";"10:05:00";"120";"Com vítima";"700,000";"BR-153/GO";"Decrescente";"Colisão transversal";1;0;0;1;0;0;0;0;0;0;4;1;0;0;0
"01/08/2024";"05:45:00";"197";"Sem vítima";"158,000";"BR-153/GO";"Decrescente";"Saída de pista";1;0;0;0;0;0;0;0;0;0;1;0;0;0;0
"01/08/2024";"07:14:00";"207";"Com vítima";"438,000";"BR-153/GO";"Decrescente";"Queda de moto";0;0;0;1;0;0;0;0;0;0;0;0;1;0;0
"02/08/2024";"01:28:00";"20";"Sem vítima";"773,500";"BR-153/GO";"Crescente";"Colisão lateral no mesmo sentido";0;0;1;0;0;0;0;0;0;1;2;0;0;0;0
"02/08/2024";"05:28:00";"63";"Com vítima";"436,000";"BR-153/GO";"Decrescente";"Colisão traseira";1;0;0;1;0;0;0;0;0;0;1;0;1;0;0
"02/08/2024";"05:31:00";"64";"Sem vítima";"677,000";"BR-153/GO";"Decrescente";"Colisão lateral no mesmo sentido";2;0;0;0;0;0;0;0;0;0;8;0;0;0;0
"02/08/2024";"06:24:00";"78";"Sem vítima";"316,000";"BR-153/GO";"Decrescente";"Saída de pista";0;0;1;0;0;0;0;0;0;0;1;0;0;0;0
"02/08/2024";"06:37:00";"82";"Sem vítima";"212,000";"BR-153/GO";"Decrescente";"Engavetamento";0;0;1;0;0;2;0;0;0;1;6;0;0;0;0
"02/08/2024";"08:41:00";"110";"Sem vítima";"12,000";"BR-153/GO";"Decrescente";"Colisão traseira";1;0;1;0;0;0;0;0;0;0;5;0;0;0;0
"02/08/2024";"10:23:00";"129";"Sem vítima";"129,000";"BR-153/GO";"Decrescente";"Choque";0;0;0;0;0;0;0;0;0;1;1;0;0;0;0
"02/08/2024";"12:18:00";"154";"Sem vítima";"208,000";"BR-153/GO";"Crescente";"Colisão frontal";1;0;0;0;0;0;0;0;0;1;2;0;0;0;0
"02/08/2024";"12:20:00";"156";"Sem vítima";"36,400";"BR-153/GO";"Crescente";"Choque";0;0;0;0;0;2;0;0;0;0;2;0;0;0;0
"02/08/2024";"06:13:00";"212";"Sem vítima";"40,000";"BR-153/GO";"Decrescente";"Atropelamento de animal";0;0;0;0;0;0;0;0;0;1;4;0;0;0;0
"02/08/2024";"11:00:00";"10";"Sem vítima";"777,620";"BR-153/GO";"Decrescente";"Saída de pista";0;0;1;0;0;1;0;0;0;0;2;0;0;0;0
"02/08/2024";"11:57:00";"14";"Sem vítima";"137,800";"BR-153/GO";"Crescente";"Colisão lateral em sentido contrário";1;0;0;0;0;1;0;0;0;0;2;0;0;0;0
"03/08/2024";"09:43:00";"118";"Sem vítima";"158,000";"BR-153/GO";"Crescente";"Colisão lateral em sentido contrário";2;0;0;0;0;0;0;0;0;0;5;0;0;0;0
"03/08/2024";"11:14:00";"129";"Com vítima";"141,000";"BR-80/GO";"Crescente";"Colisão transversal";0;0;0;1;0;1;0;0;0;0;1;0;1;0;0
"03/08/2024";"07:41:00";"229";"Com vítima";"645,950";"BR-153/GO";"Crescente";"Colisão frontal";0;0;0;1;0;1;0;0;0;0;1;0;0;0;1
"04/08/2024";"03:15:00";"34";"Com vítima";"73,000";"BR-153/GO";"Decrescente";"Colisão frontal";1;0;0;0;0;1;0;0;0;0;0;1;0;0;1
"04/08/2024";"11:11:00";"116";"Sem vítima";"132,000";"BR-80/GO";"Crescente";"Saída de pista";1;0;0;0;0;0;0;0;0;0;4;0;0;0;0
"04/08/2024";"07:51:00";"216";"Com vítima";"671,000";"BR-153/GO";"Crescente";"Queda de moto";0;0;0;1;0;0;0;0;0;0;0;1;0;0;0
"05/08/2024";"06:44:00";"70";"Sem vítima";"133,000";"BR-153/GO";"Crescente";"Colisão traseira";0;0;1;0;0;1;0;0;0;0;2;0;0;0;0
"06/08/2024";"07:29:00";"98";"Com vítima";"365,000";"BR-153/GO";"Crescente";"Capotamento";1;0;0;0;0;0;0;0;0;0;0;3;2;0;0
"06/08/2024";"03:49:00";"187";"Com vítima";"311,300";"BR-414/GO";"Crescente";"Colisão traseira";1;0;0;0;0;1;0;0;0;0;1;0;0;1;0
"07/08/2024";"04:17:00";"169";"Sem vítima";"432,900";"BR-153/GO";"Decrescente";"Atropelamento de animal";0;0;0;0;0;0;0;0;0;1;2;0;0;0;0
"07/08/2024";"05:01:00";"175";"Com vítima";"437,000";"BR-414/GO";"Crescente";"Atropelamento de pedestre";0;0;0;1;0;0;0;0;0;0;0;1;1;0;0
"08/08/2024";"09:35:00";"122";"Sem vítima";"763,000";"BR-153/GO";"Crescente";"Colisão traseira";0;0;0;0;0;0;0;0;0;2;5;0;0;0;0
"08/08/2024";"11:02:00";"132";"Com vítima";"39,800";"BR-153/GO";"Decrescente";"Colisão traseira";0;0;0;0;0;3;0;0;0;0;2;1;0;0;0
"08/08/2024";"01:06:00";"162";"Com vítima";"404,000";"BR-153/GO";"Decrescente";"Saída de pista";0;0;1;0;0;0;0;0;0;0;0;1;1;0;0
"08/08/2024";"01:11:00";"164";"Com vítima";"208,000";"BR-153/GO";"Crescente";"Queda de moto";0;0;0;1;0;0;0;0;0;0;0;0;1;0;0
"08/08/2024";"02:30:00";"178";"Sem vítima";"377,500";"BR-153/GO";"Decrescente";"Colisão lateral no mesmo sentido";1;0;1;0;0;0;0;0;0;0;2;0;0;0;0
"08/08/2024";"04:07:00";"195";"Com vítima";"367,000";"BR-153/GO";"Crescente";"Atropelamento de animal";1;0;0;0;0;0;0;0;0;0;4;0;0;0;0
"08/08/2024";"05:13:00";"205";"Com vítima";"387,000";"BR-153/GO";"Decrescente";"Saída de pista";1;0;0;0;0;0;0;0;0;0;0;1;0;0;0
"09/08/2024";"04:33:00";"44";"Sem vítima";"292,000";"BR-153/GO";"Crescente";"Colisão lateral no mesmo sentido";1;0;0;0;0;1;0;0;0;0;2;0;0;0;0
"09/08/2024";"04:38:00";"46";"Com vítima";"380,542";"BR-153/GO";"Crescente";"Tombamento";0;0;1;0;0;0;0;0;0;0;0;0;1;0;0
"09/08/2024";"05:00:00";"52";"Sem vítima";"209,000";"BR-153/GO";"Crescente";"Colisão traseira";2;0;0;0;0;0;0;0;0;0;3;0;0;0;0
"09/08/2024";"06:06:00";"64";"Sem vítima";"640,000";"BR-153/GO";"Decrescente";"Colisão traseira";1;0;0;0;0;1;0;0;0;1;6;0;0;0;0
"09/08/2024";"10:42:00";"115";"Sem vítima";"436,000";"BR-414/GO";"Decrescente";"Colisão transversal";1;0;0;0;0;0;0;0;0;1;2;0;0;0;0
"09/08/2024";"06:50:00";"221";"Sem vítima";"401,000";"BR-414/GO";"Decrescente";"Atropelamento de animal";1;0;0;0;0;0;0;0;0;0;1;0;0;0;0
"10/08/2024";"06:19:00";"86";"Sem vítima";"428,000";"BR-153/GO";"Decrescente";"Atropelamento de animal";1;0;0;0;0;0;0;0;0;0;2;0;0;0;0
"10/08/2024";"09:18:00";"117";"Com vítima";"656,000";"BR-153/GO";"Crescente";"Colisão traseira";1;0;1;0;0;0;0;0;0;0;2;5;0;0;0
"10/08/2024";"03:38:00";"186";"Sem vítima";"174,500";"BR-153/GO";"Decrescente";"Atropelamento de animal";1;0;0;0;0;0;0;0;0;0;2;0;0;0;0
"10/08/2024";"05:19:00";"202";"Sem vítima";"126,000";"BR-80/GO";"Crescente";"Saída de pista";0;0;0;0;0;0;0;0;0;1;1;0;0;0;0
"10/08/2024";"07:40:00";"219";"Com vítima";"318,900";"BR-153/GO";"Crescente";"Colisão lateral no mesmo sentido";0;0;0;0;0;2;0;0;0;0;1;1;0;0;0
"11/08/2024";"05:57:00";"52";"Com vítima";"693,000";"BR-153/GO";"Crescente";"Colisão lateral em sentido contrário";0;0;0;0;0;1;0;0;0;1;1;0;1;0;0
"11/08/2024";"02:47:00";"148";"Com vítima";"347,000";"BR-153/GO";"Decrescente";"Queda de moto";0;0;0;1;0;0;0;0;0;0;0;1;1;0;0
"11/08/2024";"04:35:00";"169";"Com vítima";"305,300";"BR-414/GO";"Crescente";"Colisão traseira";0;0;0;1;0;0;0;0;0;0;0;0;1;0;0
"12/08/2024";"04:03:00";"36";"Sem vítima";"341,000";"BR-153/GO";"Crescente";"Colisão lateral em sentido contrário";0;0;0;0;0;3;0;0;0;0;3;0;0;0;0
"12/08/2024";"10:29:00";"117";"Sem vítima";"670,000";"BR-153/GO";"Decrescente";"Colisão lateral no mesmo sentido";1;0;1;0;0;0;0;0;0;0;2;0;0;0;0
"12/08/2024";"12:25:00";"136";"Sem vítima";"438,000";"BR-414/GO";"Decrescente";"Colisão lateral em sentido contrário";1;0;0;0;0;1;0;0;0;1;5;0;0;0;0
"12/08/2024";"01:16:00";"148";"Sem vítima";"130,500";"BR-153/GO";"Decrescente";"Colisão traseira";0;0;0;0;0;1;0;0;0;1;3;0;0;0;0
"12/08/2024";"04:15:00";"195";"Com vítima";"231,900";"BR-153/GO";"Decrescente";"Queda de moto";0;0;0;1;0;0;0;0;0;0;0;0;1;0;0
"12/08/2024";"07:43:00";"230";"Com vítima";"300,000";"BR-153/GO";"Decrescente";"Queda de moto";0;0;0;1;0;0;0;0;0;0;0;1;1;0;0
"12/08/2024";"10:03:00";"6";"Sem vítima";"424,700";"BR-414/GO";"Crescente";"Saída de pista";1;0;0;0;0;0;0;0;0;0;1;0;0;0;0
"13/08/2024";"03:19:00";"196";"Sem vítima";"245,000";"BR-153/GO";"Crescente";"Saída de pista";1;0;0;0;0;0;0;0;0;0;1;0;0;0;0
"14/08/2024";"01:27:00";"27";"Com vítima";"438,100";"BR-414/GO";"Crescente";"Atropelamento de pedestre";0;0;0;1;0;0;0;0;0;0;0;0;0;2;0
"14/08/2024";"01:48:00";"185";"Com vítima";"437,000";"BR-153/GO";"Crescente";"Queda de moto";0;0;0;1;0;0;0;0;0;0;0;0;1;0;0
"14/08/2024";"05:09:00";"219";"Com vítima";"301,000";"BR-414/GO";"Decrescente";"Colisão frontal";1;0;0;0;0;0;0;0;0;1;0;3;1;0;0
"15/08/2024";"10:11:00";"122";"Sem vítima";"438,000";"BR-153/GO";"Decrescente";"Colisão traseira";0;0;1;0;0;0;0;0;0;1;2;0;0;0;0
"15/08/2024";"09:44:00";"4";"Com vítima";"220,000";"BR-153/GO";"Crescente";"Colisão lateral em sentido contrário";0;0;1;0;0;0;0;0;0;1;0;5;0;0;0
"15/08/2024";"10:28:00";"8";"Com vítima";"24,155";"BR-153/GO";"Crescente";"Saída de pista";0;0;0;0;0;0;0;0;0;1;0;0;1;0;0
"16/08/2024";"07:08:00";"75";"Sem vítima";"760,000";"BR-153/GO";"Decrescente";"Saída de pista";1;0;0;0;0;0;0;0;0;0;1;0;0;0;0
"16/08/2024";"07:10:00";"76";"Sem vítima";"104,800";"BR-153/GO";"Decrescente";"Saída de pista";1;0;0;0;0;0;0;0;0;0;4;0;0;0;0
"16/08/2024";"11:09:00";"118";"Sem vítima";"87,900";"BR-153/GO";"Crescente";"Choque";1;0;0;0;0;0;0;0;0;0;2;0;0;0;0
"16/08/2024";"01:40:00";"154";"Sem vítima";"234,000";"BR-153/GO";"Decrescente";"Engavetamento";2;0;1;0;0;0;0;0;0;1;8;0;0;0;0
"16/08/2024";"05:49:00";"190";"Com vítima";"320,000";"BR-414/GO";"Decrescente";"Atropelamento de animal";1;0;0;0;0;0;0;0;0;0;1;0;0;0;0
"16/08/2024";"06:16:00";"196";"Com vítima";"249,000";"BR-153/GO";"Crescente";"Atropelamento de animal";1;0;0;0;0;0;0;0;0;0;1;0;0;0;0
"17/08/2024";"03:57:00";"196";"Com vítima";"184,000";"BR-153/GO";"Decrescente";"Atropelamento de animal";1;0;0;0;0;0;0;0;0;0;3;1;0;0;0
"17/08/2024";"06:03:00";"220";"Com vítima";"126,800";"BR-153/GO";"Crescente";"Colisão transversal";0;0;1;0;0;1;0;0;0;1;2;0;0;0;1
"17/08/2024";"06:17:00";"222";"Sem vítima";"73,500";"BR-153/GO";"Crescente";"Colisão traseira";0;0;0;0;1;1;0;0;0;0;30;0;0;0;0
"18/08/2024";"01:53:00";"21";"Com vítima";"360,000";"BR-414/GO";"Crescente";"Atropelamento de animal";1;0;0;0;0;1;0;0;0;0;7;0;0;0;0
"18/08/2024";"03:22:00";"26";"Com vítima";"20,300";"BR-153/GO";"Crescente";"Saída de pista";1;0;0;0;0;0;0;0;0;0;1;2;0;0;0
"18/08/2024";"05:36:00";"61";"Com vítima";"439,000";"BR-414/GO";"Decrescente";"Colisão lateral no mesmo sentido";1;0;0;1;0;0;0;0;0;0;1;0;1;0;0
"18/08/2024";"10:44:00";"131";"Com vítima";"415,000";"BR-153/GO";"Decrescente";"Saída de pista";1;0;0;0;0;0;0;0;0;0;0;0;1;0;0
"18/08/2024";"04:48:00";"227";"Com vítima";"681,100";"BR-153/GO";"Decrescente";"Queda de moto";0;0;0;1;0;0;0;0;0;0;0;1;0;0;0
"18/08/2024";"05:49:00";"245";"Com vítima";"321,000";"BR-153/GO";"Decrescente";"Colisão traseira";0;0;1;1;0;0;0;0;0;0;1;1;0;0;0
"19/08/2024";"05:23:00";"65";"Sem vítima";"360,100";"BR-153/GO";"Decrescente";"Colisão lateral no mesmo sentido";1;0;0;0;0;1;0;0;0;0;2;0;0;0;0
"19/08/2024";"02:36:00";"178";"Sem vítima";"674,800";"BR-153/GO";"Crescente";"Colisão traseira";2;0;0;0;0;0;0;0;0;0;3;0;0;0;0
"19/08/2024";"10:19:00";"7";"Com vítima";"16,500";"BR-153/GO";"Crescente";"Colisão lateral em sentido contrário";0;0;0;0;1;1;0;0;0;0;8;2;1;0;1
"20/08/2024";"10:50:00";"135";"Com vítima";"131,811";"BR-80/GO";"Crescente";"Saída de pista";1;0;0;0;0;0;0;0;0;0;1;4;0;0;0
"21/08/2024";"01:30:00";"11";"Com vítima";"49,200";"BR-153/GO";"Crescente";"Atropelamento de animal";1;0;0;0;0;0;0;0;0;0;1;0;0;0;0
"21/08/2024";"04:46:00";"28";"Com vítima";"675,000";"BR-153/GO";"Crescente";"Colisão transversal";0;0;0;0;0;1;0;0;0;1;2;1;0;0;0
"21/08/2024";"05:00:00";"30";"Sem vítima";"149,000";"BR-80/GO";"Crescente";"Tombamento";0;0;0;0;0;1;0;0;0;0;1;0;0;0;0
"21/08/2024";"05:38:00";"40";"Sem vítima";"172,000";"BR-153/GO";"Decrescente";"Colisão traseira";0;0;0;0;0;3;0;0;0;0;3;0;0;0;0
"21/08/2024";"02:58:00";"155";"Com vítima";"347,000";"BR-153/GO";"Crescente";"Colisão lateral em sentido contrário";1;0;1;0;0;0;0;0;0;0;1;1;0;0;0
"21/08/2024";"11:07:00";"10";"Sem vítima";"37,500";"BR-153/GO";"Decrescente";"Saída de pista";0;0;1;0;0;0;0;0;0;0;1;0;0;0;0
"22/08/2024";"03:46:00";"37";"Com vítima";"373,700";"BR-414/GO";"Decrescente";"Colisão traseira";0;0;1;0;0;0;0;0;0;1;3;4;1;0;0
"22/08/2024";"01:56:00";"185";"Sem vítima";"90,000";"BR-153/GO";"Crescente";"Capotamento";0;0;0;0;0;0;0;0;0;1;2;0;0;0;0
"22/08/2024";"01:56:00";"186";"Sem vítima";"111,000";"BR-80/GO";"Decrescente";"Acidentes de outra natureza";1;0;0;0;0;1;0;0;0;0;6;0;0;0;0
"23/08/2024";"09:23:00";"105";"Sem vítima";"429,000";"BR-153/GO";"Crescente";"Colisão traseira";2;0;0;0;0;0;0;0;0;1;7;0;0;0;0
"23/08/2024";"03:39:00";"176";"Com vítima";"414,900";"BR-414/GO";"Crescente";"Queda de moto";0;0;0;1;0;0;0;0;0;0;0;2;0;0;0
"23/08/2024";"07:52:00";"228";"Sem vítima";"284,000";"BR-153/GO";"Crescente";"Colisão lateral no mesmo sentido";1;0;0;0;0;1;0;0;0;0;3;0;0;0;0
"23/08/2024";"09:33:00";"3";"Sem vítima";"300,300";"BR-153/GO";"Decrescente";"Queda de moto";0;0;0;1;0;0;0;0;0;0;1;0;0;0;0
"24/08/2024";"03:24:00";"38";"Sem vítima";"437,500";"BR-153/GO";"Crescente";"Queda de moto";0;0;0;1;0;0;0;0;0;0;1;0;0;0;0
"24/08/2024";"06:51:00";"79";"Sem vítima";"57,000";"BR-153/GO";"Decrescente";"Saída de pista";1;0;0;0;0;1;0;0;0;0;2;0;0;0;0
"24/08/2024";"07:32:00";"84";"Com vítima";"700,000";"BR-153/GO";"Decrescente";"Choque";1;0;0;0;0;1;0;0;0;0;1;1;0;0;0
"24/08/2024";"08:05:00";"93";"Sem vítima";"77,000";"BR-153/GO";"Decrescente";"Colisão frontal";1;0;1;0;0;0;0;0;0;1;3;0;0;0;0
"24/08/2024";"04:59:00";"211";"Sem vítima";"102,000";"BR-153/GO";"Crescente";"Saída de pista";1;0;0;0;0;1;0;0;0;0;2;0;0;0;0
"25/08/2024";"08:08:00";"95";"Com vítima";"387,500";"BR-414/GO";"Crescente";"Colisão frontal";0;0;0;3;0;0;0;0;0;0;0;1;1;0;1
"25/08/2024";"08:46:00";"106";"Sem vítima";"436,300";"BR-153/GO";"Decrescente";"Colisão traseira";1;0;0;1;0;0;0;0;0;0;2;0;0;0;0
"25/08/2024";"09:20:00";"113";"Sem vítima";"707,000";"BR-153/GO";"Crescente";"Colisão lateral no mesmo sentido";1;0;0;0;0;1;0;0;0;0;2;0;0;0;0
"25/08/2024";"02:20:00";"177";"Sem vítima";"99,100";"BR-80/GO";"Crescente";"Colisão transversal";1;0;0;0;0;0;0;0;0;1;6;0;0;0;0
"25/08/2024";"04:32:00";"205";"Com vítima";"311,000";"BR-414/GO";"Decrescente";"Saída de pista";1;0;0;0;0;0;0;0;0;0;0;0;1;0;0
"25/08/2024";"06:37:00";"229";"Com vítima";"425,000";"BR-153/GO";"Crescente";"Choque";1;0;0;0;0;0;0;0;0;0;0;1;0;1;0
"26/08/2024";"09:35:00";"140";"Com vítima";"439,000";"BR-153/GO";"Decrescente";"Queda de moto";0;0;0;1;0;0;0;0;0;0;0;1;0;0;0
"26/08/2024";"01:10:00";"185";"Sem vítima";"409,000";"BR-414/GO";"Decrescente";"Colisão lateral no mesmo sentido";0;0;1;0;0;0;0;0;0;1;3;0;0;0;0
"26/08/2024";"02:26:00";"202";"Sem vítima";"440,200";"BR-414/GO";"Decrescente";"Colisão traseira";1;0;0;0;0;1;0;0;0;0;5;0;0;0;0
"27/08/2024";"12:48:00";"16";"Com vítima";"749,300";"BR-153/GO";"Decrescente";"Atropelamento de animal";0;0;0;0;0;0;0;0;0;1;4;0;0;0;0
"27/08/2024";"02:48:00";"29";"Com vítima";"169,700";"BR-153/GO";"Crescente";"Atropelamento de animal";1;0;0;0;0;0;0;0;0;0;1;0;0;0;0
"27/08/2024";"03:59:00";"41";"Com vítima";"680,000";"BR-153/GO";"Crescente";"Queda de moto";0;0;0;1;0;0;0;0;0;0;0;1;0;0;0
"27/08/2024";"09:32:00";"122";"Sem vítima";"106,700";"BR-80/GO";"Decrescente";"Colisão lateral no mesmo sentido";2;0;0;0;0;0;0;0;0;0;2;0;0;0;0
"27/08/2024";"01:02:00";"160";"Sem vítima";"679,000";"BR-153/GO";"Crescente";"Colisão traseira";0;0;1;0;0;0;0;0;0;1;2;0;0;0;0
"27/08/2024";"02:58:00";"185";"Sem vítima";"729,000";"BR-153/GO";"Decrescente";"Acidentes de outra natureza";0;0;1;0;0;0;0;0;0;0;7;0;0;0;0
"27/08/2024";"04:15:00";"199";"Com vítima";"435,900";"BR-153/GO";"Crescente";"Queda de moto";1;0;0;1;0;0;0;0;0;1;2;1;0;0;0
"27/08/2024";"09:03:00";"2";"Sem vítima";"184,000";"BR-153/GO";"Crescente";"Atropelamento de animal";1;0;0;0;0;0;0;0;0;0;1;0;0;0;0