data;horario;n_da_ocorrencia;tipo_de_ocorrencia;km;trecho;sentido;tipo_de_acidente;automovel;bicicleta;caminhao;moto;onibus;outros;tracao_animal;transporte_de_cargas_especiais;trator_maquinas;utilitarios;ilesos;levemente_feridos;moderadamente_feridos;gravemente_feridos;mortos
"29/09/2024";"03:18:00";"178";"Com vítima";"133,500";"BR-80/GO";"Crescente";"Capotamento";2;0;0;0;0;0;0;0;0;0;2;2;0;0;0
"29/09/2024";"05:10:00";"207";"Com vítima";"375,000";"BR-153/GO";"Crescente";"Colisão lateral em sentido contrário";2;0;0;0;0;1;0;0;0;1;4;4;3;1;0
"30/09/2024";"02:01:00";"27";"Sem vítima";"255,800";"BR-153/GO";"Decrescente";"Colisão lateral em sentido contrário";0;0;1;0;1;0;0;0;0;0;23;0;0;0;0
"30/09/2024";"08:28:00";"116";"Sem vítima";"179,000";"BR-153/GO";"Crescente";"Colisão lateral no mesmo sentido";0;0;0;0;0;1;0;0;0;1;2;0;0;0;0
"30/09/2024";"12:52:00";"171";"Sem vítima";"684,000";"BR-153/GO";"Crescente";"Colisão lateral em sentido contrário";1;0;1;0;0;0;0;0;0;0;2;0;0;0;0
"01/10/2024";"06:33:00";"75";"Com vítima";"438,500";"BR-153/GO";"Decrescente";"Colisão transversal";0;1;0;1;0;0;0;0;0;0;1;0;0;0;0
"01/10/2024";"07:05:00";"212";"Com vítima";"684,000";"BR-153/GO";"Decrescente";"Queda de moto";0;0;0;1;0;0;0;0;0;0;0;2;0;0;0
"02/10/2024";"03:09:00";"176";"Sem vítima";"732,000";"BR-153/GO";"Crescente";"Colisão traseira";0;0;0;0;0;2;0;0;0;0;2;0;0;0;0
"03/10/2024";"06:25:00";"85";"Sem vítima";"797,000";"BR-153/GO";"Crescente";"Colisão lateral em sentido contrário";1;0;0;0;0;1;0;0;0;0;2;0;0;0;0
"03/10/2024";"03:44:00";"202";"Com vítima";"440,000";"BR-414/GO";"Decrescente";"Colisão traseira";0;0;0;1;0;0;0;0;0;0;0;2;0;0;0
"03/10/2024";"06:09:00";"224";"Com vítima";"669,000";"BR-153/GO";"Crescente";"Queda de moto";0;0;0;1;0;0;0;0;0;0;0;1;0;0;0
"03/10/2024";"11:19:00";"16";"Com vítima";"793,000";"BR-153/GO";"Crescente";"Tombamento";0;0;0;0;0;1;0;0;0;0;0;1;2;0;0
"04/10/2024";"03:37:00";"38";"Com vítima";"417,000";"BR-414/GO";"Decrescente";"Colisão traseira";0;0;0;1;0;0;0;0;0;1;4;2;0;0;0
"04/10/2024";"12:48:00";"165";"Com vítima";"371,200";"BR-414/GO";"Decrescente";"Queda de moto";0;0;0;1;0;0;0;0;0;0;0;0;1;0;0
"04/10/2024";"04:11:00";"213";"Sem vítima";"160,000";"BR-153/GO";"Decrescente";"Colisão traseira";1;0;1;0;0;0;0;0;0;0;2;0;0;0;0
"04/10/2024";"04:44:00";"219";"Sem vítima";"162,000";"BR-80/GO";"Crescente";"Colisão traseira";1;0;0;0;0;1;0;0;0;0;2;0;0;0;0
"04/10/2024";"04:57:00";"220";"Sem vítima";"676,800";"BR-153/GO";"Crescente";"Colisão traseira";1;0;1;0;0;0;0;0;0;0;2;0;0;0;0
"04/10/2024";"11:16:00";"22";"Sem vítima";"115,000";"BR-153/GO";"Decrescente";"Saída de pista";1;0;0;0;0;0;0;0;0;0;1;0;0;0;0
"05/10/2024";"02:30:00";"52";"Com vítima";"710,300";"BR-153/GO";"Decrescente";"Colisão frontal";2;0;0;0;0;0;0;0;0;0;1;0;0;0;1
"05/10/2024";"04:32:00";"84";"Com vítima";"57,900";"BR-153/GO";"Crescente";"Queda de moto";0;0;0;1;0;0;0;0;0;0;0;1;0;0;0
"05/10/2024";"08:22:00";"150";"Sem vítima";"324,000";"BR-414/GO";"Decrescente";"Tombamento";1;0;0;0;0;0;0;0;0;0;1;0;0;0;0
"05/10/2024";"12:49:00";"212";"Sem vítima";"702,000";"BR-153/GO";"Crescente";"Saída de pista";1;0;0;0;0;0;0;0;0;0;1;0;0;0;0
"05/10/2024";"03:23:00";"245";"Sem vítima";"434,800";"BR-153/GO";"Crescente";"Colisão lateral no mesmo sentido";1;0;0;0;0;0;0;0;0;1;7;0;0;0;0
"05/10/2024";"06:47:00";"277";"Sem vítima";"622,800";"BR-153/GO";"Crescente";"Colisão lateral em sentido contrário";1;0;0;0;0;1;0;0;0;0;2;0;0;0;0
"05/10/2024";"10:40:00";"11";"Com vítima";"53,450";"BR-153/GO";"Decrescente";"Atropelamento de pedestre";0;0;0;1;0;0;0;0;0;0;0;1;1;1;0
"06/10/2024";"07:39:00";"87";"Sem vítima";"409,700";"BR-153/GO";"Crescente";"Colisão lateral em sentido contrário";1;0;1;0;0;0;0;0;0;0;2;0;0;0;0
"06/10/2024";"08:26:00";"96";"Com vítima";"748,000";"BR-153/GO";"Decrescente";"Tombamento";0;0;0;0;0;1;0;0;0;0;0;2;0;0;0
"06/10/2024";"03:31:00";"194";"Sem vítima";"132,100";"BR-80/GO";"Decrescente";"Saída de pista";1;0;0;0;0;0;0;0;0;0;3;0;0;0;0
"06/10/2024";"04:20:00";"204";"Com vítima";"263,000";"BR-153/GO";"Decrescente";"Atropelamento de pedestre";0;0;0;0;0;1;0;0;0;0;1;0;0;0;1
"06/10/2024";"04:30:00";"208";"Sem vítima";"284,700";"BR-153/GO";"Decrescente";"Colisão traseira";2;0;0;0;0;0;0;0;0;0;5;0;0;0;0
"06/10/2024";"06:28:00";"226";"Sem vítima";"177,000";"BR-153/GO";"Crescente";"Choque";1;0;0;0;0;0;0;0;0;0;4;0;0;0;0
"06/10/2024";"08:52:00";"258";"Com vítima";"401,000";"BR-414/GO";"Crescente";"Saída de pista";1;0;0;0;0;0;0;0;0;0;0;1;0;0;0
"06/10/2024";"09:09:00";"6";"Com vítima";"54,800";"BR-153/GO";"Crescente";"Saída de pista";1;0;0;0;0;0;0;0;0;0;0;1;0;1;0
"07/10/2024";"02:29:00";"34";"Sem vítima";"367,000";"BR-153/GO";"Crescente";"Colisão traseira";2;0;0;0;0;0;0;0;0;0;2;0;0;0;0
"07/10/2024";"09:21:00";"126";"Sem vítima";"10,250";"BR-153/GO";"Decrescente";"Capotamento";0;0;0;0;0;1;0;0;0;0;1;0;0;0;0
"07/10/2024";"08:40:00";"249";"Com vítima";"209,400";"BR-153/GO";"Decrescente";"Queda de moto";0;0;0;1;0;0;0;0;0;0;0;0;1;0;0
"08/10/2024";"04:48:00";"58";"Sem vítima";"643,000";"BR-153/GO";"Crescente";"Colisão lateral em sentido contrário";0;0;0;0;0;2;0;0;0;0;2;0;0;0;0
"08/10/2024";"06:43:00";"78";"Sem vítima";"400,000";"BR-153/GO";"Decrescente";"Queda de moto";0;0;0;1;0;0;0;0;0;0;1;0;0;0;0
"08/10/2024";"07:44:00";"93";"Sem vítima";"706,300";"BR-153/GO";"Decrescente";"Saída de pista";1;0;0;0;0;0;0;0;0;0;2;0;0;0;0
"08/10/2024";"12:29:00";"143";"Sem vítima";"394,800";"BR-153/GO";"Crescente";"Colisão traseira";0;0;0;0;0;2;0;0;0;0;2;0;0;0;0
"08/10/2024";"06:07:00";"193";"Sem vítima";"668,000";"BR-153/GO";"Decrescente";"Queda de moto";0;0;0;1;0;0;0;0;0;0;1;0;0;0;0
"08/10/2024";"07:04:00";"197";"Com vítima";"410,300";"BR-414/GO";"Crescente";"Colisão transversal";1;0;0;1;0;0;0;0;0;0;2;1;0;0;0
"09/10/2024";"02:01:00";"172";"Com vítima";"437,100";"BR-153/GO";"Decrescente";"Queda de moto";0;0;0;1;0;0;0;0;0;0;0;0;1;0;0
"09/10/2024";"04:16:00";"189";"Sem vítima";"442,000";"BR-153/GO";"Decrescente";"Colisão traseira";1;0;0;1;0;0;0;0;0;0;4;0;0;0;0
"10/10/2024";"07:33:00";"95";"Sem vítima";"174,000";"BR-153/GO";"Decrescente";"Colisão transversal";1;0;0;0;0;1;0;0;0;0;2;0;0;0;0
"10/10/2024";"09:47:00";"118";"Sem vítima";"284,000";"BR-153/GO";"Crescente";"Colisão traseira";1;0;0;1;0;0;0;0;0;0;6;0;0;0;0
"11/10/2024";"12:19:00";"150";"Com vítima";"439,000";"BR-414/GO";"Crescente";"Queda de moto";0;0;0;1;0;0;0;0;0;0;0;1;0;0;0
"11/10/2024";"05:07:00";"198";"Com vítima";"291,000";"BR-153/GO";"Decrescente";"Colisão lateral no mesmo sentido";1;0;0;0;0;1;0;0;0;0;1;0;1;1;0
"11/10/2024";"05:23:00";"204";"Sem vítima";"214,170";"BR-153/GO";"Decrescente";"Capotamento";1;0;0;0;0;0;0;0;0;0;1;0;0;0;0
"12/10/2024";"10:48:00";"15";"Sem vítima";"357,700";"BR-153/GO";"Crescente";"Atropelamento de animal";1;0;0;0;0;0;0;0;0;0;1;0;0;0;0
"12/10/2024";"10:58:00";"17";"Sem vítima";"360,000";"BR-153/GO";"Decrescente";"Atropelamento de animal";1;0;0;0;0;0;0;0;0;0;1;0;0;0;0
"13/10/2024";"07:42:00";"103";"Com vítima";"636,000";"BR-153/GO";"Decrescente";"Saída de pista";0;0;0;0;0;0;0;0;0;1;0;0;0;1;0
"13/10/2024";"11:56:00";"151";"Com vítima";"783,000";"BR-153/GO";"Decrescente";"Saída de pista";1;0;0;0;0;0;0;0;0;0;0;0;1;0;0
"13/10/2024";"01:34:00";"173";"Com vítima";"194,000";"BR-153/GO";"Crescente";"Saída de pista";1;0;0;0;0;0;0;0;0;0;1;1;0;0;0
"13/10/2024";"03:21:00";"196";"Sem vítima";"433,000";"BR-153/GO";"Crescente";"Saída de pista";1;0;0;0;0;0;0;0;0;0;2;0;0;0;0
"13/10/2024";"03:57:00";"204";"Sem vítima";"435,000";"BR-153/GO";"Crescente";"Engavetamento";3;0;0;0;0;0;0;0;0;1;9;0;0;0;0
"13/10/2024";"06:18:00";"235";"Com vítima";"131,000";"BR-80/GO";"Crescente";"Atropelamento de animal";1;0;0;0;0;0;0;0;0;0;3;0;0;0;0
"13/10/2024";"09:52:00";"4";"Sem vítima";"368,350";"BR-414/GO";"Crescente";"Saída de pista";1;0;0;0;0;0;0;0;0;0;1;0;0;0;0
"14/10/2024";"04:55:00";"57";"Sem vítima";"112,000";"BR-153/GO";"Decrescente";"Saída de pista";1;0;0;0;0;0;0;0;0;0;3;0;0;0;0
"14/10/2024";"05:04:00";"59";"Com vítima";"432,000";"BR-153/GO";"Crescente";"Atropelamento de animal";0;0;0;1;0;0;0;0;0;0;0;1;0;0;0
"14/10/2024";"01:41:00";"158";"Sem vítima";"91,300";"BR-153/GO";"Crescente";"Tombamento";0;0;0;0;0;1;0;0;0;0;1;0;0;0;0
"14/10/2024";"04:58:00";"187";"Sem vítima";"287,500";"BR-153/GO";"Decrescente";"Choque";1;0;0;0;0;0;0;0;0;1;4;0;0;0;0
"14/10/2024";"07:35:00";"206";"Sem vítima";"400,820";"BR-414/GO";"Decrescente";"Queda de moto";0;0;0;1;0;0;0;0;0;0;1;0;0;0;0
"14/10/2024";"08:09:00";"210";"Sem vítima";"196,200";"BR-153/GO";"Decrescente";"Colisão transversal";1;0;0;0;0;1;0;0;0;0;2;0;0;0;0
"15/10/2024";"02:17:00";"28";"Com vítima";"174,500";"BR-153/GO";"Crescente";"Colisão frontal";1;0;1;0;0;0;0;0;0;0;2;0;0;1;0
"15/10/2024";"06:26:00";"73";"Sem vítima";"625,000";"BR-153/GO";"Crescente";"Carreta deu L";0;0;1;0;0;0;0;0;0;0;1;0;0;0;0
"15/10/2024";"04:26:00";"153";"Com vítima";"355,500";"BR-153/GO";"Decrescente";"Colisão lateral no mesmo sentido";1;0;0;0;0;1;0;0;0;0;2;0;2;0;0
"16/10/2024";"07:33:00";"95";"Sem vítima";"677,000";"BR-153/GO";"Decrescente";"Colisão traseira";1;0;0;0;0;1;0;0;0;0;3;0;0;0;0
"16/10/2024";"10:35:00";"121";"Com vítima";"247,000";"BR-153/GO";"Crescente";"Colisão lateral em sentido contrário";1;0;0;0;0;1;0;0;0;0;0;2;0;0;0
"16/10/2024";"04:41:00";"184";"Com vítima";"135,000";"BR-80/GO";"Crescente";"Capotamento";0;0;0;0;0;0;0;0;0;1;1;0;0;0;0
"16/10/2024";"10:00:00";"6";"Com vítima";"146,000";"BR-153/GO";"Decrescente";"Atropelamento de animal";0;0;1;0;0;0;0;0;0;0;1;0;0;0;0
"17/10/2024";"05:04:00";"64";"Com vítima";"105,020";"BR-153/GO";"Crescente";"Saída de pista";1;0;0;0;0;0;0;0;0;0;0;1;0;0;0
"17/10/2024";"08:18:00";"114";"Com vítima";"723,000";"BR-153/GO";"Decrescente";"Saída de pista";0;0;0;0;0;1;0;0;0;0;0;1;0;0;0
"17/10/2024";"01:49:00";"199";"Sem vítima";"677,000";"BR-153/GO";"Crescente";"Colisão lateral no mesmo sentido";1;0;0;0;0;1;0;0;0;0;3;0;0;0;0
"17/10/2024";"03:33:00";"219";"Sem vítima";"15,500";"BR-153/GO";"Crescente";"Saída de pista";0;0;0;0;1;0;0;0;0;0;21;0;0;0;0
"17/10/2024";"04:28:00";"238";"Com vítima";"324,750";"BR-153/GO";"Crescente";"Colisão frontal";0;0;0;1;0;1;0;0;0;0;1;0;0;0;1
"17/10/2024";"05:04:00";"242";"Sem vítima";"345,100";"BR-153/GO";"Decrescente";"Tombamento";0;0;1;0;0;0;0;0;0;0;1;0;0;0;0
"17/10/2024";"06:09:00";"247";"Com vítima";"325,050";"BR-153/GO";"Crescente";"Colisão lateral no mesmo sentido";0;0;2;0;0;1;0;0;0;0;1;2;0;0;0
"18/10/2024";"05:33:00";"29";"Com vítima";"428,300";"BR-414/GO";"Decrescente";"Colisão transversal";1;0;0;0;0;0;0;0;0;1;0;3;1;0;0
"18/10/2024";"05:43:00";"32";"Sem vítima";"393,600";"BR-414/GO";"Decrescente";"Colisão lateral no mesmo sentido";2;0;0;0;0;0;0;0;0;0;2;0;0;0;0
"18/10/2024";"06:57:00";"51";"Com vítima";"371,800";"BR-414/GO";"Crescente";"Saída de pista";1;0;0;0;0;0;0;0;0;0;0;1;0;0;0
"18/10/2024";"07:28:00";"63";"Sem vítima";"637,000";"BR-153/GO";"Decrescente";"Engavetamento";0;0;1;0;0;3;0;0;0;0;5;0;0;0;0
"18/10/2024";"08:06:00";"69";"Com vítima";"200,000";"BR-153/GO";"Decrescente";"Colisão transversal";1;0;1;0;0;0;0;0;0;0;1;0;1;0;0
"18/10/2024";"09:14:00";"76";"Sem vítima";"285,000";"BR-153/GO";"Decrescente";"Colisão traseira";1;0;0;0;0;0;0;0;0;1;4;0;0;0;0
"18/10/2024";"10:28:00";"87";"Sem vítima";"439,000";"BR-153/GO";"Crescente";"Colisão traseira";2;0;0;0;0;0;0;0;0;0;2;0;0;0;0
"18/10/2024";"03:03:00";"148";"Sem vítima";"683,500";"BR-153/GO";"Crescente";"Colisão lateral no mesmo sentido";1;0;1;0;0;0;0;0;0;0;3;0;0;0;0
"18/10/2024";"09:11:00";"1";"Sem vítima";"234,000";"BR-153/GO";"Crescente";"Choque";0;0;0;0;0;1;0;0;0;0;2;0;0;0;0
"19/10/2024";"08:58:00";"111";"Sem vítima";"393,200";"BR-153/GO";"Decrescente";"Tombamento";0;0;1;0;0;0;0;0;0;0;2;0;0;0;0
"19/10/2024";"09:20:00";"118";"Sem vítima";"130,900";"BR-80/GO";"Crescente";"Tombamento";0;0;0;0;0;1;0;0;0;0;1;0;0;0;0
"19/10/2024";"10:05:00";"126";"Sem vítima";"628,920";"BR-153/GO";"Crescente";"Colisão traseira";0;0;0;0;0;2;0;0;0;0;2;0;0;0;0
"19/10/2024";"10:34:00";"130";"Sem vítima";"628,400";"BR-153/GO";"Crescente";"Colisão traseira";2;0;0;0;0;0;0;0;0;0;4;0;0;0;0
"19/10/2024";"12:20:00";"150";"Com vítima";"760,000";"BR-153/GO";"Crescente";"Tombamento";0;0;0;0;0;1;0;0;0;0;0;0;2;0;0
"19/10/2024";"05:08:00";"204";"Sem vítima";"411,552";"BR-153/GO";"Decrescente";"Colisão lateral no mesmo sentido";1;0;0;0;0;1;0;0;0;0;2;0;0;0;0
"19/10/2024";"05:37:00";"213";"Sem vítima";"199,900";"BR-153/GO";"Crescente";"Colisão lateral no mesmo sentido";0;0;2;0;0;0;0;0;0;0;2;0;0;0;0
"20/10/2024";"07:31:00";"100";"Com vítima";"426,650";"BR-153/GO";"Crescente";"Capotamento";1;0;0;0;0;0;0;0;0;0;0;2;0;0;0
"20/10/2024";"07:47:00";"103";"Com vítima";"426,800";"BR-153/GO";"Crescente";"Capotamento";0;0;0;0;0;0;0;0;0;1;0;1;0;0;0
"20/10/2024";"01:07:00";"154";"Sem vítima";"435,000";"BR-153/GO";"Decrescente";"Colisão traseira";1;0;0;0;0;0;0;0;0;1;2;0;0;0;0
"20/10/2024";"05:08:00";"192";"Com vítima";"0,700";"BR-153/GO";"Decrescente";"Queda de moto";0;0;0;1;0;0;0;0;0;0;0;1;1;0;0
"20/10/2024";"05:30:00";"194";"Com vítima";"789,300";"BR-153/GO";"Decrescente";"Atropelamento de animal";0;0;0;0;0;1;0;0;0;0;1;0;0;0;0
"20/10/2024";"08:20:00";"216";"Com vítima";"428,800";"BR-153/GO";"Decrescente";"Capotamento";1;0;0;0;0;0;0;0;0;0;0;1;0;0;0
"21/10/2024";"07:19:00";"89";"Com vítima";"439,000";"BR-153/GO";"Crescente";"Queda de moto";0;0;0;1;0;0;0;0;0;0;0;0;1;0;0
"21/10/2024";"08:36:00";"111";"Sem vítima";"359,000";"BR-153/GO";"Decrescente";"Saída de pista";0;0;1;0;0;0;0;0;0;0;1;0;0;0;0
"21/10/2024";"08:54:00";"115";"Sem vítima";"361,000";"BR-153/GO";"Decrescente";"Colisão traseira";1;0;1;0;0;0;0;0;0;0;2;0;0;0;0
"21/10/2024";"08:54:00";"116";"Sem vítima";"761,000";"BR-153/GO";"Decrescente";"Colisão traseira";0;0;0;0;0;2;0;0;0;0;2;0;0;0;0
"21/10/2024";"10:04:00";"129";"Sem vítima";"622,700";"BR-153/GO";"Crescente";"Carreta deu L";0;0;0;0;0;1;0;0;0;0;1;0;0;0;0
"21/10/2024";"10:37:00";"132";"Sem vítima";"32,400";"BR-153/GO";"Decrescente";"Saída de pista";1;0;0;0;0;0;0;0;0;0;2;0;0;0;0
"21/10/2024";"04:29:00";"203";"Sem vítima";"308,300";"BR-414/GO";"Crescente";"Queda de moto";0;0;0;1;0;0;0;0;0;0;1;0;0;0;0
"21/10/2024";"08:19:00";"236";"Sem vítima";"432,700";"BR-153/GO";"Crescente";"Saída de pista";1;0;0;0;0;0;0;0;0;0;1;0;0;0;0
"22/10/2024";"01:45:00";"150";"Sem vítima";"389,000";"BR-414/GO";"Crescente";"Carreta deu L";0;0;0;0;0;1;0;0;0;0;1;0;0;0;0
"22/10/2024";"04:38:00";"180";"Sem vítima";"105,324";"BR-153/GO";"Decrescente";"Choque";1;0;0;0;0;0;0;0;0;0;1;0;0;0;0
"22/10/2024";"04:38:00";"181";"Sem vítima";"131,700";"BR-80/GO";"Crescente";"Saída de pista";1;0;0;0;0;0;0;0;0;0;3;0;0;0;0
"23/10/2024";"05:09:00";"71";"Sem vítima";"437,300";"BR-153/GO";"Crescente";"Colisão traseira";1;0;0;0;1;1;0;0;0;0;4;0;0;0;0
"23/10/2024";"10:24:00";"148";"Sem vítima";"228,000";"BR-153/GO";"Decrescente";"Colisão traseira";1;0;0;0;0;1;0;0;0;0;2;0;0;0;0
"23/10/2024";"11:57:00";"168";"Sem vítima";"144,000";"BR-80/GO";"Decrescente";"Choque";1;0;0;0;0;0;0;0;0;0;1;0;0;0;0
"23/10/2024";"01:29:00";"184";"Com vítima";"117,000";"BR-80/GO";"Decrescente";"Colisão frontal";0;0;0;0;0;2;0;0;0;0;1;1;0;0;0
"23/10/2024";"07:43:00";"237";"Sem vítima";"667,000";"BR-153/GO";"Decrescente";"Atropelamento de animal";1;0;0;0;0;0;0;0;0;0;1;0;0;0;0
"24/10/2024";"06:19:00";"79";"Com vítima";"321,000";"BR-153/GO";"Decrescente";"Colisão transversal";0;0;0;0;0;0;0;0;0;2;6;0;0;1;0
"24/10/2024";"06:50:00";"88";"Sem vítima";"642,700";"BR-153/GO";"Crescente";"Colisão traseira";1;0;0;0;0;0;0;0;0;2;6;0;0;0;0
"24/10/2024";"10:39:00";"129";"Sem vítima";"284,000";"BR-153/GO";"Crescente";"Colisão traseira";1;0;0;0;0;1;0;0;0;0;3;0;0;0;0
"24/10/2024";"04:18:00";"205";"Com vítima";"249,500";"BR-153/GO";"Decrescente";"Queda de moto";0;0;0;1;0;0;0;0;0;0;0;2;0;0;0
"24/10/2024";"04:51:00";"211";"Sem vítima";"165,000";"BR-80/GO";"Crescente";"Colisão lateral no mesmo sentido";0;0;0;0;0;1;0;0;0;1;2;0;0;0;0
"24/10/2024";"07:40:00";"230";"Sem vítima";"235,000";"BR-153/GO";"Decrescente";"Atropelamento de animal";0;0;0;0;0;1;0;0;0;0;1;0;0;0;0
"24/10/2024";"09:46:00";"7";"Com vítima";"110,900";"BR-153/GO";"Decrescente";"Colisão transversal";0;0;1;0;1;0;0;0;0;0;1;0;1;0;0
"25/10/2024";"08:56:00";"151";"Sem vítima";"338,000";"BR-153/GO";"Decrescente";"Colisão lateral em sentido contrário";0;0;1;0;0;1;0;0;0;0;2;0;0;0;0
"25/10/2024";"10:25:00";"160";"Sem vítima";"238,400";"BR-153/GO";"Crescente";"Colisão lateral no mesmo sentido";0;0;0;0;0;1;0;0;0;1;3;0;0;0;0
"25/10/2024";"03:30:00";"246";"Sem vítima";"398,000";"BR-414/GO";"Crescente";"Colisão transversal";1;0;0;0;0;1;0;0;0;0;2;0;0;0;0
"25/10/2024";"03:42:00";"248";"Sem vítima";"777,000";"BR-153/GO";"Decrescente";"Tombamento";0;0;1;0;0;0;0;0;0;0;1;0;0;0;0
"26/10/2024";"03:36:00";"50";"Com vítima";"197,000";"BR-153/GO";"Crescente";"Colisão frontal";1;0;0;0;0;0;0;0;0;1;1;1;2;1;0
"26/10/2024";"03:12:00";"204";"Com vítima";"131,000";"BR-153/GO";"Decrescente";"Queda de moto";0;0;0;1;0;1;0;0;0;0;1;1;0;0;0
"26/10/2024";"04:35:00";"222";"Com vítima";"439,500";"BR-414/GO";"Decrescente";"Colisão transversal";2;0;0;0;0;0;0;0;0;0;4;0;2;0;0
"27/10/2024";"11:01:00";"128";"Sem vítima";"84,000";"BR-153/GO";"Decrescente";"Tombamento";1;0;0;0;0;0;0;0;0;0;2;0;0;0;0
"27/10/2024";"09:00:00";"1";"Com vítima";"207,900";"BR-153/GO";"Decrescente";"Tombamento";0;0;0;0;0;1;0;0;0;0;0;0;1;0;0
"28/10/2024";"11:57:00";"164";"Com vítima";"442,200";"BR-153/GO";"Decrescente";"Queda de moto";0;0;0;1;0;0;0;0;0;0;0;0;2;0;0
"28/10/2024";"12:39:00";"175";"Com vítima";"118,000";"BR-153/GO";"Decrescente";"Colisão traseira";1;0;1;0;0;0;0;0;0;0;1;1;0;0;0
"28/10/2024";"02:08:00";"191";"Sem vítima";"339,000";"BR-153/GO";"Decrescente";"Tombamento";0;0;0;0;0;1;0;0;0;0;1;0;0;0;0
"28/10/2024";"03:25:00";"206";"Com vítima";"176,000";"BR-153/GO";"Decrescente";"Queda de moto";0;0;0;1;0;0;0;0;0;0;1;1;0;0;0
"28/10/2024";"03:30:00";"208";"Sem vítima";"319,000";"BR-153/GO";"Crescente";"Engavetamento";0;0;3;0;0;0;0;0;0;0;12;0;0;0;0
"28/10/2024";"06:32:00";"236";"Com vítima";"197,800";"BR-153/GO";"Decrescente";"Atropelamento de pedestre";1;0;0;0;0;0;0;0;0;0;1;0;0;1;0
"29/10/2024";"04:26:00";"59";"Sem vítima";"403,000";"BR-153/GO";"Decrescente";"Colisão lateral em sentido contrário";0;0;1;0;0;1;0;0;0;0;3;0;0;0;0
"29/10/2024";"05:48:00";"79";"Sem vítima";"439,000";"BR-153/GO";"Crescente";"Colisão lateral no mesmo sentido";1;0;1;0;0;0;0;0;0;0;2;0;0;0;0
"29/10/2024";"10:44:00";"136";"Com vítima";"181,000";"BR-80/GO";"Decrescente";"Colisão transversal";1;0;0;0;0;0;0;0;0;1;0;3;0;0;0
"29/10/2024";"11:17:00";"147";"Com vítima";"442,000";"BR-153/GO";"Decrescente";"Colisão traseira";1;0;1;0;0;0;0;0;0;0;1;0;1;0;0
"30/10/2024";"04:59:00";"61";"Sem vítima";"672,000";"BR-153/GO";"Decrescente";"Saída de pista";0;0;0;0;0;1;0;0;0;0;1;0;0;0;0
"30/10/2024";"05:53:00";"74";"Com vítima";"679,000";"BR-153/GO";"Crescente";"Saída de pista";0;0;1;0;0;0;0;0;0;0;0;2;0;0;0
"30/10/2024";"05:59:00";"76";"Com vítima";"739,500";"BR-153/GO";"Decrescente";"Colisão lateral em sentido contrário";1;0;0;0;0;1;0;0;0;0;2;1;0;0;0
"30/10/2024";"06:22:00";"80";"Com vítima";"67,000";"BR-153/GO";"Decrescente";"Colisão traseira";1;0;0;0;0;1;0;0;0;0;1;1;0;0;0
"30/10/2024";"04:00:00";"178";"Sem vítima";"718,500";"BR-153/GO";"Crescente";"Queda de moto";0;0;0;1;0;1;0;0;0;0;2;0;0;0;0
"31/10/2024";"02:56:00";"33";"Sem vítima";"670,000";"BR-153/GO";"Crescente";"Colisão traseira";0;0;0;0;0;2;0;0;0;0;2;0;0;0;0
"31/10/2024";"03:50:00";"39";"Sem vítima";"362,370";"BR-153/GO";"Crescente";"Colisão traseira";1;0;0;0;0;1;0;0;0;0;3;0;0;0;0