data;horario;n_da_ocorrencia;tipo_de_ocorrencia;km;trecho;sentido;tipo_de_acidente;automovel;bicicleta;caminhao;moto;onibus;outros;tracao_animal;transporte_de_cargas_especiais;trator_maquinas;utilitarios;ilesos;levemente_feridos;moderadamente_feridos;gravemente_feridos;mortos
"31/10/2024";"03:50:00";"40";"Sem vítima";"379,000";"BR-414/GO";"Crescente";"Saída de pista";1;0;0;0;0;0;0;0;0;0;1;0;0;0;0
"31/10/2024";"11:34:00";"120";"Sem vítima";"310,600";"BR-153/GO";"Crescente";"Saída de pista";0;0;1;0;0;0;0;0;0;0;1;0;0;0;0
"31/10/2024";"11:37:00";"122";"Com vítima";"374,900";"BR-414/GO";"Decrescente";"Colisão lateral no mesmo sentido";1;0;0;0;0;1;0;0;0;0;0;3;0;0;0
"31/10/2024";"02:39:00";"159";"Sem vítima";"436,900";"BR-153/GO";"Decrescente";"Engavetamento";4;0;0;0;0;1;0;0;0;1;6;0;0;0;0
"31/10/2024";"03:01:00";"160";"Sem vítima";"700,300";"BR-153/GO";"Crescente";"Saída de pista";1;0;0;0;0;0;0;0;0;0;2;0;0;0;0
"31/10/2024";"03:45:00";"166";"Com vítima";"300,000";"BR-153/GO";"Crescente";"Colisão frontal";1;0;0;1;0;0;0;0;0;0;3;0;0;1;0
"31/10/2024";"09:21:00";"3";"Sem vítima";"279,500";"BR-153/GO";"Crescente";"Saída de pista";1;0;0;0;0;0;0;0;0;0;2;0;0;0;0
"01/11/2024";"06:40:00";"81";"Com vítima";"631,000";"BR-153/GO";"Decrescente";"Colisão traseira";1;0;0;0;0;0;0;0;0;1;3;1;2;0;0
"01/11/2024";"07:38:00";"96";"Sem vítima";"405,300";"BR-153/GO";"Decrescente";"Capotamento";1;0;0;0;0;0;0;0;0;0;2;0;0;0;0
"01/11/2024";"01:05:00";"156";"Com vítima";"401,870";"BR-414/GO";"Decrescente";"Engavetamento";3;0;0;0;0;0;0;0;0;0;4;2;0;0;0
"01/11/2024";"04:52:00";"198";"Com vítima";"395,700";"BR-414/GO";"Crescente";"Atropelamento de animal";0;0;0;0;0;0;0;0;0;1;1;0;0;0;0
"02/11/2024";"12:35:00";"20";"Com vítima";"704,000";"BR-153/GO";"Crescente";"Queda de moto";0;0;0;1;0;1;0;0;0;0;1;0;1;0;0
"02/11/2024";"07:26:00";"94";"Sem vítima";"284,200";"BR-153/GO";"Crescente";"Saída de pista";0;0;1;0;0;0;0;0;0;0;1;0;0;0;0
"02/11/2024";"10:58:00";"147";"Com vítima";"423,000";"BR-153/GO";"Decrescente";"Saída de pista";1;0;0;0;0;0;0;0;0;0;3;0;1;0;0
"02/11/2024";"11:31:00";"159";"Sem vítima";"399,000";"BR-153/GO";"Decrescente";"Saída de pista";0;0;0;0;0;0;0;0;0;1;1;0;0;0;0
"02/11/2024";"12:33:00";"173";"Com vítima";"370,000";"BR-414/GO";"Decrescente";"Saída de pista";1;0;0;0;0;0;0;0;0;0;4;1;0;0;0
"02/11/2024";"01:20:00";"181";"Com vítima";"317,600";"BR-414/GO";"Decrescente";"Colisão lateral em sentido contrário";0;0;0;0;0;1;0;0;0;1;1;2;1;0;0
"02/11/2024";"03:40:00";"208";"Sem vítima";"706,000";"BR-153/GO";"Decrescente";"Capotamento";1;0;0;0;0;0;0;0;0;0;2;0;0;0;0
"02/11/2024";"04:13:00";"213";"Sem vítima";"434,000";"BR-153/GO";"Decrescente";"Saída de pista";1;0;0;0;0;1;0;0;0;0;6;0;0;0;0
"03/11/2024";"02:06:00";"33";"Com vítima";"227,000";"BR-153/GO";"Decrescente";"Atropelamento de animal";0;0;1;0;0;0;0;0;0;0;1;0;0;0;0
"03/11/2024";"12:44:00";"144";"Sem vítima";"371,800";"BR-153/GO";"Crescente";"Colisão traseira";1;0;0;0;0;1;0;0;0;0;5;0;0;0;0
"03/11/2024";"12:47:00";"145";"Sem vítima";"404,300";"BR-414/GO";"Decrescente";"Saída de pista";1;0;0;0;0;0;0;0;0;0;1;0;0;0;0
"03/11/2024";"04:34:00";"193";"Sem vítima";"356,000";"BR-153/GO";"Decrescente";"Colisão lateral no mesmo sentido";0;0;1;0;0;1;0;0;0;0;2;0;0;0;0
"03/11/2024";"06:05:00";"203";"Sem vítima";"63,647";"BR-153/GO";"Decrescente";"Saída de pista";0;0;1;0;0;0;0;0;0;0;1;0;0;0;0
"03/11/2024";"09:51:00";"6";"Com vítima";"83,350";"BR-153/GO";"Crescente";"Colisão frontal";1;0;1;0;0;0;0;0;0;0;1;0;0;0;2
"04/11/2024";"04:21:00";"47";"Sem vítima";"131,000";"BR-153/GO";"Crescente";"Colisão lateral em sentido contrário";2;0;0;0;0;0;0;0;0;0;3;0;0;0;0
"04/11/2024";"04:38:00";"54";"Sem vítima";"303,000";"BR-153/GO";"Decrescente";"Saída de pista";0;0;1;0;0;1;0;0;0;0;4;0;0;0;0
"04/11/2024";"04:03:00";"197";"Sem vítima";"760,100";"BR-153/GO";"Decrescente";"Colisão lateral no mesmo sentido";0;0;0;0;0;1;0;0;0;1;4;0;0;0;0
"04/11/2024";"07:13:00";"222";"Com vítima";"719,260";"BR-153/GO";"Crescente";"Atropelamento de animal";0;0;1;0;0;0;0;0;0;0;1;0;0;0;0
"04/11/2024";"10:11:00";"8";"Com vítima";"376,000";"BR-153/GO";"Decrescente";"Tombamento";0;0;0;0;1;0;0;0;0;0;0;1;0;0;0
"04/11/2024";"10:36:00";"10";"Sem vítima";"374,920";"BR-153/GO";"Decrescente";"Choque";0;0;0;0;0;1;0;0;0;0;1;0;0;0;0
"05/11/2024";"02:50:00";"21";"Sem vítima";"439,100";"BR-153/GO";"Crescente";"Colisão traseira";0;0;0;2;0;0;0;0;0;0;2;0;0;0;0
"05/11/2024";"05:08:00";"50";"Sem vítima";"242,678";"BR-153/GO";"Decrescente";"Saída de pista";1;0;0;0;0;0;0;0;0;0;1;0;0;0;0
"05/11/2024";"07:08:00";"75";"Sem vítima";"714,000";"BR-153/GO";"Decrescente";"Colisão traseira";0;0;0;0;0;2;0;0;0;0;2;0;0;0;0
"05/11/2024";"10:05:00";"106";"Sem vítima";"303,000";"BR-153/GO";"Decrescente";"Colisão transversal";2;0;0;0;0;0;0;0;0;0;5;0;0;0;0
"05/11/2024";"05:16:00";"183";"Sem vítima";"301,000";"BR-414/GO";"Decrescente";"Colisão traseira";1;0;0;0;0;1;0;0;0;0;3;0;0;0;0
"05/11/2024";"06:28:00";"190";"Com vítima";"300,800";"BR-153/GO";"Decrescente";"Colisão transversal";1;0;0;1;0;0;0;0;0;0;1;0;0;2;0
"05/11/2024";"10:57:00";"11";"Sem vítima";"435,600";"BR-414/GO";"Crescente";"Saída de pista";1;0;0;0;0;0;0;0;0;0;1;0;0;0;0
"06/11/2024";"06:51:00";"68";"Sem vítima";"132,000";"BR-80/GO";"Crescente";"Atropelamento de animal";1;0;0;0;0;0;0;0;0;0;2;0;0;0;0
"06/11/2024";"06:57:00";"69";"Com vítima";"184,000";"BR-153/GO";"Crescente";"Colisão lateral no mesmo sentido";1;0;0;0;0;1;0;0;0;0;0;4;0;0;0
"06/11/2024";"10:11:00";"97";"Sem vítima";"408,700";"BR-414/GO";"Crescente";"Colisão traseira";1;0;0;0;0;0;0;0;0;0;1;0;0;0;0
"06/11/2024";"05:54:00";"164";"Sem vítima";"180,250";"BR-153/GO";"Crescente";"Saída de pista";0;0;0;0;0;0;0;0;0;1;1;0;0;0;0
"06/11/2024";"06:57:00";"172";"Com vítima";"352,120";"BR-153/GO";"Decrescente";"Saída de pista";1;0;0;0;0;0;0;0;0;0;0;0;1;0;0
"06/11/2024";"07:03:00";"174";"Sem vítima";"136,000";"BR-80/GO";"Decrescente";"Colisão lateral em sentido contrário";1;0;0;0;0;0;0;0;0;1;4;0;0;0;0
"07/11/2024";"06:25:00";"81";"Sem vítima";"300,000";"BR-153/GO";"Crescente";"Colisão traseira";1;0;0;0;0;1;0;0;0;0;2;0;0;0;0
"07/11/2024";"06:56:00";"89";"Sem vítima";"367,000";"BR-153/GO";"Crescente";"Colisão traseira";1;0;0;0;0;1;0;0;0;0;5;0;0;0;0
"07/11/2024";"01:34:00";"168";"Sem vítima";"394,000";"BR-153/GO";"Crescente";"Saída de pista";1;0;0;0;0;0;0;0;0;0;1;0;0;0;0
"07/11/2024";"08:25:00";"219";"Com vítima";"47,900";"BR-153/GO";"Crescente";"Colisão lateral em sentido contrário";1;0;0;0;0;1;0;0;0;0;1;1;0;1;0
"07/11/2024";"08:30:00";"220";"Sem vítima";"436,029";"BR-153/GO";"Crescente";"Colisão traseira";2;0;0;0;0;0;0;0;0;0;2;0;0;0;0
"07/11/2024";"09:09:00";"1";"Com vítima";"678,670";"BR-153/GO";"Decrescente";"Tombamento";0;0;0;0;1;0;0;0;0;0;0;52;1;0;4
"08/11/2024";"05:53:00";"62";"Com vítima";"280,200";"BR-153/GO";"Decrescente";"Saída de pista";1;0;0;0;0;0;0;0;0;0;0;1;0;0;0
"08/11/2024";"07:50:00";"89";"Sem vítima";"139,800";"BR-153/GO";"Decrescente";"Colisão lateral no mesmo sentido";0;0;1;0;0;1;0;0;0;1;3;0;0;0;0
"08/11/2024";"08:07:00";"90";"Sem vítima";"138,000";"BR-80/GO";"Decrescente";"Saída de pista";1;0;0;0;0;0;0;0;0;0;1;0;0;0;0
"08/11/2024";"12:24:00";"135";"Com vítima";"725,600";"BR-153/GO";"Crescente";"Colisão lateral no mesmo sentido";1;0;0;0;0;1;0;0;0;0;2;2;0;0;0
"08/11/2024";"01:27:00";"148";"Com vítima";"429,500";"BR-153/GO";"Crescente";"Atropelamento de pedestre";0;0;1;0;0;0;0;0;0;0;1;0;0;1;0
"08/11/2024";"04:11:00";"176";"Sem vítima";"423,000";"BR-153/GO";"Decrescente";"Saída de pista";1;0;0;0;0;0;0;0;0;0;2;0;0;0;0
"08/11/2024";"04:20:00";"179";"Sem vítima";"398,000";"BR-153/GO";"Crescente";"Colisão traseira";1;0;0;0;0;0;0;0;0;1;2;0;0;0;0
"08/11/2024";"04:41:00";"183";"Sem vítima";"322,000";"BR-414/GO";"Decrescente";"Colisão traseira";1;0;0;0;0;1;0;0;0;0;6;0;0;0;0
"09/11/2024";"03:16:00";"34";"Sem vítima";"287,200";"BR-153/GO";"Crescente";"Saída de pista";1;0;0;0;0;0;0;0;0;0;1;0;0;0;0
"09/11/2024";"03:33:00";"36";"Sem vítima";"394,000";"BR-414/GO";"Decrescente";"Saída de pista";1;0;0;0;0;0;0;0;0;0;1;0;0;0;0
"09/11/2024";"03:45:00";"39";"Sem vítima";"374,713";"BR-153/GO";"Crescente";"Colisão traseira";1;0;0;0;0;1;0;0;0;1;5;0;0;0;0
"09/11/2024";"05:06:00";"55";"Sem vítima";"404,800";"BR-414/GO";"Crescente";"Saída de pista";0;0;1;0;0;0;0;0;0;0;2;0;0;0;0
"09/11/2024";"10:01:00";"106";"Sem vítima";"132,680";"BR-153/GO";"Crescente";"Saída de pista";0;0;1;0;0;0;0;0;0;0;1;0;0;0;0
"09/11/2024";"12:59:00";"141";"Com vítima";"624,600";"BR-153/GO";"Crescente";"Colisão transversal";2;0;0;0;0;0;0;0;0;0;3;1;0;1;0
"09/11/2024";"01:37:00";"150";"Sem vítima";"292,897";"BR-153/GO";"Decrescente";"Colisão lateral no mesmo sentido";1;0;0;0;0;1;0;0;0;0;2;0;0;0;0
"09/11/2024";"09:53:00";"8";"Com vítima";"250,080";"BR-153/GO";"Decrescente";"Colisão frontal";1;0;0;0;0;1;0;0;0;0;0;1;0;0;2
"09/11/2024";"10:37:00";"13";"Sem vítima";"430,100";"BR-153/GO";"Decrescente";"Colisão traseira";1;0;1;0;0;0;0;0;0;0;2;0;0;0;0
"10/11/2024";"06:09:00";"71";"Com vítima";"730,080";"BR-153/GO";"Crescente";"Saída de pista";0;0;0;0;0;1;0;0;0;0;0;0;1;0;0
"10/11/2024";"10:11:00";"129";"Sem vítima";"227,000";"BR-153/GO";"Crescente";"Colisão traseira";0;0;0;0;0;2;0;0;0;0;2;0;0;0;0
"10/11/2024";"03:45:00";"186";"Com vítima";"770,800";"BR-153/GO";"Decrescente";"Colisão frontal";0;0;0;1;0;1;0;0;0;0;2;0;0;0;1
"10/11/2024";"05:08:00";"197";"Sem vítima";"440,000";"BR-414/GO";"Decrescente";"Colisão lateral no mesmo sentido";2;0;0;0;0;0;0;0;0;0;4;0;0;0;0
"10/11/2024";"05:08:00";"198";"Com vítima";"119,300";"BR-153/GO";"Crescente";"Atropelamento de animal";0;0;0;0;0;0;0;0;0;1;1;0;0;0;0
"11/11/2024";"02:43:00";"29";"Sem vítima";"436,000";"BR-153/GO";"Crescente";"Colisão traseira";1;0;0;0;1;0;0;0;0;0;2;0;0;0;0
"11/11/2024";"04:41:00";"50";"Com vítima";"442,500";"BR-153/GO";"Crescente";"Colisão traseira";0;0;1;1;0;0;0;0;0;0;1;0;0;1;0
"11/11/2024";"06:31:00";"85";"Sem vítima";"106,000";"BR-153/GO";"Decrescente";"Colisão traseira";1;0;0;0;0;1;0;0;0;0;3;0;0;0;0
"11/11/2024";"07:57:00";"105";"Sem vítima";"321,000";"BR-414/GO";"Decrescente";"Colisão traseira";0;0;0;0;0;1;0;0;0;1;2;0;0;0;0
"11/11/2024";"08:59:00";"117";"Sem vítima";"358,700";"BR-414/GO";"Crescente";"Saída de pista";1;0;0;0;0;0;0;0;0;0;2;0;0;0;0
"11/11/2024";"12:52:00";"158";"Sem vítima";"359,200";"BR-153/GO";"Decrescente";"Colisão traseira";1;0;0;0;0;1;0;0;0;0;5;0;0;0;0
"12/11/2024";"04:22:00";"184";"Com vítima";"198,700";"BR-153/GO";"Crescente";"Atropelamento de pedestre";0;0;0;1;0;1;0;0;0;0;1;1;0;0;1
"13/11/2024";"12:20:00";"141";"Com vítima";"303,000";"BR-153/GO";"Crescente";"Colisão transversal";0;0;0;1;0;0;0;0;0;1;1;0;1;0;0
"13/11/2024";"12:37:00";"143";"Com vítima";"644,000";"BR-153/GO";"Decrescente";"Engavetamento";0;0;3;0;0;0;0;0;0;0;3;0;0;0;1
"13/11/2024";"01:14:00";"153";"Sem vítima";"349,000";"BR-153/GO";"Decrescente";"Capotamento";1;0;0;0;0;0;0;0;0;0;3;0;0;0;0
"13/11/2024";"01:16:00";"154";"Sem vítima";"282,500";"BR-153/GO";"Crescente";"Saída de pista";1;0;0;0;0;0;0;0;0;0;3;0;0;0;0
"13/11/2024";"04:39:00";"183";"Com vítima";"224,000";"BR-153/GO";"Crescente";"Queda de moto";0;0;0;1;0;0;0;0;0;0;0;1;0;0;0
"13/11/2024";"06:10:00";"197";"Sem vítima";"303,000";"BR-153/GO";"Decrescente";"Engavetamento";2;0;0;0;0;1;0;0;0;0;4;0;0;0;0
"13/11/2024";"09:47:00";"4";"Com vítima";"436,800";"BR-153/GO";"Crescente";"Queda de moto";0;0;0;1;0;0;0;0;0;0;0;1;0;0;0
"14/11/2024";"02:16:00";"26";"Sem vítima";"268,700";"BR-153/GO";"Decrescente";"Tombamento";0;0;0;0;0;1;0;0;0;0;1;0;0;0;0
"14/11/2024";"04:03:00";"47";"Com vítima";"627,000";"BR-153/GO";"Decrescente";"Capotamento";1;0;0;0;0;1;0;0;0;0;2;1;0;0;0
"14/11/2024";"07:53:00";"100";"Com vítima";"207,600";"BR-153/GO";"Decrescente";"Colisão traseira";0;0;0;0;0;2;0;0;0;0;0;2;0;0;0
"14/11/2024";"01:20:00";"178";"Sem vítima";"296,500";"BR-153/GO";"Decrescente";"Atropelamento de animal";0;0;0;0;0;0;0;0;0;1;4;0;0;0;0
"14/11/2024";"02:03:00";"188";"Com vítima";"423,600";"BR-153/GO";"Decrescente";"Saída de pista";0;0;0;0;0;0;0;0;0;1;0;1;0;0;0
"14/11/2024";"02:09:00";"189";"Sem vítima";"367,000";"BR-153/GO";"Crescente";"Choque";1;0;0;0;0;0;0;0;0;0;1;0;0;0;0
"14/11/2024";"09:11:00";"2";"Sem vítima";"51,530";"BR-153/GO";"Decrescente";"Colisão traseira";0;0;0;0;0;1;0;0;0;1;6;0;0;0;0
"15/11/2024";"02:21:00";"30";"Sem vítima";"317,600";"BR-153/GO";"Crescente";"Queda de moto";0;0;0;1;0;0;0;0;0;0;1;0;0;0;0
"15/11/2024";"03:21:00";"34";"Com vítima";"388,900";"BR-414/GO";"Crescente";"Saída de pista";1;0;0;0;0;0;0;0;0;0;0;1;0;0;0
"15/11/2024";"01:21:00";"177";"Sem vítima";"192,500";"BR-153/GO";"Crescente";"Colisão traseira";0;0;0;0;0;2;0;0;0;0;2;0;0;0;0
"15/11/2024";"02:41:00";"194";"Sem vítima";"378,400";"BR-414/GO";"Decrescente";"Capotamento";1;0;0;0;0;0;0;0;0;0;1;0;0;0;0
"16/11/2024";"08:21:00";"96";"Com vítima";"49,600";"BR-153/GO";"Decrescente";"Saída de pista";0;0;0;1;0;0;0;0;0;0;0;0;1;0;0
"16/11/2024";"01:01:00";"146";"Sem vítima";"648,000";"BR-153/GO";"Decrescente";"Colisão lateral em sentido contrário";1;0;0;0;0;1;0;0;0;0;4;0;0;0;0
"17/11/2024";"11:25:00";"120";"Sem vítima";"438,482";"BR-153/GO";"Decrescente";"Colisão lateral no mesmo sentido";2;0;0;0;0;1;0;0;0;0;5;0;0;0;0
"17/11/2024";"01:44:00";"148";"Sem vítima";"360,000";"BR-153/GO";"Crescente";"Colisão traseira";1;0;0;0;0;1;0;0;0;0;6;0;0;0;0
"17/11/2024";"03:58:00";"179";"Sem vítima";"437,100";"BR-414/GO";"Crescente";"Colisão traseira";1;0;0;0;0;0;0;0;0;1;5;0;0;0;0
"18/11/2024";"10:08:00";"138";"Sem vítima";"369,000";"BR-153/GO";"Decrescente";"Colisão lateral em sentido contrário";2;0;0;0;0;0;0;0;0;0;6;0;0;0;0
"18/11/2024";"12:39:00";"163";"Com vítima";"672,500";"BR-153/GO";"Decrescente";"Colisão transversal";0;0;0;1;0;1;0;0;0;0;1;0;0;0;1
"18/11/2024";"04:13:00";"199";"Com vítima";"686,350";"BR-153/GO";"Crescente";"Saída de pista";0;0;0;1;0;0;0;0;0;0;0;1;0;0;0
"18/11/2024";"09:10:00";"1";"Sem vítima";"251,500";"BR-153/GO";"Decrescente";"Saída de pista";0;0;1;0;0;0;0;0;0;0;2;0;0;0;0
"19/11/2024";"04:09:00";"175";"Com vítima";"356,100";"BR-153/GO";"Decrescente";"Colisão transversal";1;0;0;0;0;1;0;0;0;0;2;2;0;0;0
"19/11/2024";"04:43:00";"179";"Sem vítima";"305,000";"BR-414/GO";"Decrescente";"Queda de moto";0;0;0;1;0;0;0;0;0;0;1;0;0;0;0
"19/11/2024";"06:51:00";"202";"Com vítima";"173,970";"BR-153/GO";"Crescente";"Atropelamento de animal";0;0;1;0;0;0;0;0;0;0;1;0;0;0;0
"19/11/2024";"08:12:00";"212";"Sem vítima";"343,500";"BR-153/GO";"Decrescente";"Capotamento";0;0;0;0;0;0;0;0;0;1;3;0;0;0;0
"19/11/2024";"09:31:00";"4";"Sem vítima";"389,100";"BR-414/GO";"Decrescente";"Saída de pista";1;0;0;0;0;0;0;0;0;0;2;0;0;0;0
"19/11/2024";"09:39:00";"5";"Sem vítima";"195,000";"BR-153/GO";"Decrescente";"Saída de pista";0;0;0;0;0;1;0;0;0;0;1;0;0;0;0
"19/11/2024";"10:13:00";"7";"Com vítima";"437,550";"BR-153/GO";"Crescente";"Queda de moto";0;0;0;1;0;1;0;0;0;0;1;0;1;0;0
"20/11/2024";"01:08:00";"16";"Sem vítima";"92,500";"BR-153/GO";"Crescente";"Colisão traseira";1;0;0;0;0;0;0;0;0;1;7;0;0;0;0
"20/11/2024";"05:10:00";"46";"Sem vítima";"724,000";"BR-153/GO";"Decrescente";"Colisão traseira";0;0;0;0;0;2;0;0;0;0;2;0;0;0;0
"21/11/2024";"08:57:00";"100";"Com vítima";"690,500";"BR-153/GO";"Decrescente";"Colisão traseira";0;0;0;0;0;2;0;0;0;0;2;0;1;0;0
"21/11/2024";"11:42:00";"119";"Sem vítima";"79,900";"BR-153/GO";"Decrescente";"Saída de pista";0;0;0;0;0;1;0;0;0;0;1;0;0;0;0
"21/11/2024";"04:39:00";"173";"Sem vítima";"336,400";"BR-153/GO";"Crescente";"Colisão traseira";0;0;1;0;0;1;0;0;0;0;2;0;0;0;0
"22/11/2024";"04:42:00";"54";"Sem vítima";"148,400";"BR-153/GO";"Crescente";"Saída de pista";0;0;0;0;0;1;0;0;0;0;1;0;0;0;0
"22/11/2024";"11:49:00";"149";"Com vítima";"148,750";"BR-80/GO";"Crescente";"Saída de pista";1;0;0;0;0;0;0;0;0;0;0;2;0;0;0
"23/11/2024";"06:32:00";"79";"Sem vítima";"165,300";"BR-80/GO";"Decrescente";"Tombamento";1;0;0;0;0;0;0;0;0;0;1;0;0;0;0
"23/11/2024";"06:42:00";"82";"Sem vítima";"671,500";"BR-153/GO";"Crescente";"Tombamento";0;0;1;0;0;0;0;0;0;0;1;0;0;0;0
"23/11/2024";"11:05:00";"123";"Sem vítima";"438,100";"BR-153/GO";"Crescente";"Saída de pista";1;0;0;0;0;0;0;0;0;0;1;0;0;0;0
"23/11/2024";"04:14:00";"185";"Com vítima";"437,000";"BR-414/GO";"Crescente";"Atropelamento de pedestre";0;0;0;0;0;1;0;0;0;0;1;0;1;0;0
"24/11/2024";"12:13:00";"19";"Com vítima";"95,200";"BR-153/GO";"Crescente";"Capotamento";1;0;0;0;0;0;0;0;0;0;0;1;0;0;0
"24/11/2024";"05:21:00";"67";"Sem vítima";"279,800";"BR-153/GO";"Crescente";"Saída de pista";1;0;0;0;0;0;0;0;0;0;1;0;0;0;0
"24/11/2024";"08:58:00";"114";"Com vítima";"383,400";"BR-414/GO";"Decrescente";"Colisão lateral no mesmo sentido";1;0;0;1;0;0;0;0;0;0;2;1;0;0;0
"25/11/2024";"10:35:00";"112";"Com vítima";"258,300";"BR-153/GO";"Crescente";"Saída de pista";1;0;0;0;0;0;0;0;0;0;1;4;0;0;0
"25/11/2024";"05:56:00";"201";"Com vítima";"312,500";"BR-414/GO";"Decrescente";"Atropelamento de animal";1;0;0;0;0;0;0;0;0;0;1;1;0;0;0
"26/11/2024";"05:46:00";"53";"Com vítima";"417,100";"BR-153/GO";"Decrescente";"Saída de pista";1;0;0;0;0;0;0;0;0;0;2;0;1;0;0
"26/11/2024";"09:11:00";"101";"Sem vítima";"436,800";"BR-414/GO";"Crescente";"Colisão transversal";0;0;0;1;0;1;0;0;0;0;3;0;0;0;0
"26/11/2024";"10:23:00";"112";"Sem vítima";"207,350";"BR-153/GO";"Crescente";"Colisão traseira";1;0;0;0;0;1;0;0;0;0;2;0;0;0;0
"26/11/2024";"03:03:00";"160";"Com vítima";"342,200";"BR-153/GO";"Crescente";"Capotamento";1;0;0;0;0;0;0;0;0;0;0;2;0;0;0
"27/11/2024";"03:27:00";"35";"Sem vítima";"654,300";"BR-153/GO";"Crescente";"Colisão lateral em sentido contrário";1;0;1;0;0;0;0;0;0;1;7;0;0;0;0
"27/11/2024";"05:03:00";"50";"Sem vítima";"325,400";"BR-153/GO";"Crescente";"Colisão traseira";1;0;1;0;0;0;0;0;0;0;5;0;0;0;0
"27/11/2024";"08:41:00";"110";"Sem vítima";"78,350";"BR-153/GO";"Crescente";"Tombamento";0;0;0;0;0;1;0;0;0;0;1;0;0;0;0
"27/11/2024";"10:51:00";"131";"Sem vítima";"161,500";"BR-153/GO";"Crescente";"Saída de pista";1;0;1;0;0;0;0;0;0;0;4;0;0;0;0
"27/11/2024";"08:38:00";"218";"Com vítima";"438,700";"BR-414/GO";"Decrescente";"Colisão frontal";2;0;0;0;0;0;0;0;0;0;1;1;0;0;0
"28/11/2024";"12:35:00";"145";"Sem vítima";"440,000";"BR-414/GO";"Decrescente";"Colisão lateral no mesmo sentido";0;0;0;0;0;1;0;0;0;1;2;0;0;0;0
"28/11/2024";"02:04:00";"164";"Sem vítima";"284,600";"BR-153/GO";"Decrescente";"Colisão traseira";0;0;2;0;0;0;0;0;0;0;3;0;0;0;0
"28/11/2024";"04:25:00";"182";"Com vítima";"681,300";"BR-153/GO";"Crescente";"Colisão traseira";1;0;0;0;0;1;0;0;0;0;1;0;1;0;0
"29/11/2024";"04:49:00";"65";"Com vítima";"435,500";"BR-153/GO";"Crescente";"Queda de moto";0;0;0;1;0;0;0;0;0;0;0;1;0;0;0
"29/11/2024";"09:49:00";"136";"Sem vítima";"430,500";"BR-153/GO";"Crescente";"Choque";1;0;0;0;0;0;0;0;0;0;3;0;0;0;0
"29/11/2024";"09:57:00";"138";"Com vítima";"425,800";"BR-153/GO";"Decrescente";"Colisão traseira";1;0;0;0;0;1;0;0;0;0;1;1;0;0;0
"29/11/2024";"11:56:00";"161";"Sem vítima";"195,500";"BR-153/GO";"Decrescente";"Saída de pista";0;0;0;0;0;0;0;0;0;1;2;0;0;0;0
"29/11/2024";"11:48:00";"13";"Com vítima";"298,500";"BR-153/GO";"Decrescente";"Colisão frontal";1;0;0;0;0;0;0;0;0;1;0;0;1;1;4
"30/11/2024";"06:19:00";"76";"Sem vítima";"4,000";"BR-153/GO";"Decrescente";"Saída de pista";1;0;0;0;0;0;0;0;0;0;3;0;0;0;0
"30/11/2024";"09:34:00";"123";"Com vítima";"173,000";"BR-153/GO";"Crescente";"Atropelamento de ciclista";0;1;0;1;0;0;0;0;0;0;0;0;1;0;0
"30/11/2024";"09:44:00";"125";"Sem vítima";"693,500";"BR-153/GO";"Decrescente";"Choque";0;0;0;0;0;1;0;0;0;0;3;0;0;0;0